"Map_Draft","draft_host","draft_guest","Preset","player","executingPlayer","actionType","Map","isRandomlyChosen","offset","PickNo","GlobalBan","LastPick","Picker"
"aNTKF","Kamigawa","FreakinAndy","HC5 Qualifier Maps Bo3","HOST","HOST","ban","Quarry",FALSE,10576,1,1,0,"Kamigawa"
"aNTKF","Kamigawa","FreakinAndy","HC5 Qualifier Maps Bo3","GUEST","GUEST","ban","Mudflow",FALSE,24543,2,1,0,"FreakinAndy"
"aNTKF","Kamigawa","FreakinAndy","HC5 Qualifier Maps Bo3","GUEST","GUEST","pick","Islands",FALSE,26806,1,0,0,"FreakinAndy"
"aNTKF","Kamigawa","FreakinAndy","HC5 Qualifier Maps Bo3","HOST","HOST","pick","Gold Rush",FALSE,48036,2,0,0,"Kamigawa"
"aNTKF","Kamigawa","FreakinAndy","HC5 Qualifier Maps Bo3","HOST","HOST","ban","Slopes",FALSE,53906,3,0,0,"Kamigawa"
"aNTKF","Kamigawa","FreakinAndy","HC5 Qualifier Maps Bo3","GUEST","GUEST","ban","Arabia",FALSE,60584,4,0,0,"FreakinAndy"
"aNTKF","Kamigawa","FreakinAndy","HC5 Qualifier Maps Bo3","NONE","NONE","pick","Cross",FALSE,62586,3,0,1,NA
"arFKI","El_Matador","TheMax","HC5 Qualifier Maps Bo3","HOST","HOST","ban","Islands",FALSE,1996,1,1,0,"El_Matador"
"arFKI","El_Matador","TheMax","HC5 Qualifier Maps Bo3","GUEST","GUEST","ban","Quarry",FALSE,18398,2,1,0,"TheMax"
"arFKI","El_Matador","TheMax","HC5 Qualifier Maps Bo3","GUEST","GUEST","pick","Cross",FALSE,23779,1,0,0,"TheMax"
"arFKI","El_Matador","TheMax","HC5 Qualifier Maps Bo3","HOST","HOST","pick","Slopes",FALSE,28936,2,0,0,"El_Matador"
"arFKI","El_Matador","TheMax","HC5 Qualifier Maps Bo3","HOST","HOST","ban","Arabia",FALSE,49770,3,0,0,"El_Matador"
"arFKI","El_Matador","TheMax","HC5 Qualifier Maps Bo3","GUEST","GUEST","ban","Mudflow",FALSE,67055,4,0,0,"TheMax"
"arFKI","El_Matador","TheMax","HC5 Qualifier Maps Bo3","NONE","NONE","pick","Gold Rush",FALSE,69058,3,0,1,NA
"atkIe","Fox.ciskhan","TAG[z40]","HC5 Qualifier Maps Bo3","HOST","HOST","ban","Cross",FALSE,13592,1,1,0,"ciskhan"
"atkIe","Fox.ciskhan","TAG[z40]","HC5 Qualifier Maps Bo3","GUEST","GUEST","ban","Gold Rush",FALSE,23964,2,1,0,"z40"
"atkIe","Fox.ciskhan","TAG[z40]","HC5 Qualifier Maps Bo3","GUEST","GUEST","pick","Mudflow",FALSE,34908,1,0,0,"z40"
"atkIe","Fox.ciskhan","TAG[z40]","HC5 Qualifier Maps Bo3","HOST","HOST","pick","Islands",FALSE,43281,2,0,0,"ciskhan"
"atkIe","Fox.ciskhan","TAG[z40]","HC5 Qualifier Maps Bo3","HOST","HOST","ban","Slopes",FALSE,48109,3,0,0,"ciskhan"
"atkIe","Fox.ciskhan","TAG[z40]","HC5 Qualifier Maps Bo3","GUEST","GUEST","ban","Quarry",FALSE,52793,4,0,0,"z40"
"atkIe","Fox.ciskhan","TAG[z40]","HC5 Qualifier Maps Bo3","NONE","NONE","pick","Arabia",FALSE,54798,3,0,1,NA
"AYLdp","Barles","Lam","HC5 Qualifier Maps Bo3","HOST","HOST","ban","Islands",FALSE,3291,1,1,0,"Barles"
"AYLdp","Barles","Lam","HC5 Qualifier Maps Bo3","GUEST","GUEST","ban","Quarry",FALSE,16082,2,1,0,"Mr L'amore"
"AYLdp","Barles","Lam","HC5 Qualifier Maps Bo3","GUEST","GUEST","pick","Cross",FALSE,21513,1,0,0,"Mr L'amore"
"AYLdp","Barles","Lam","HC5 Qualifier Maps Bo3","HOST","HOST","pick","Arabia",FALSE,40790,2,0,0,"Barles"
"AYLdp","Barles","Lam","HC5 Qualifier Maps Bo3","HOST","HOST","ban","Mudflow",FALSE,45004,3,0,0,"Barles"
"AYLdp","Barles","Lam","HC5 Qualifier Maps Bo3","GUEST","GUEST","ban","Slopes",FALSE,58138,4,0,0,"Mr L'amore"
"AYLdp","Barles","Lam","HC5 Qualifier Maps Bo3","NONE","NONE","pick","Gold Rush",FALSE,60141,3,0,1,NA
"BDAJM","dogao","LEWIS333","HC5 Qualifier Maps Bo3","HOST","HOST","ban","Slopes",FALSE,12207,1,1,0,"dogao"
"BDAJM","dogao","LEWIS333","HC5 Qualifier Maps Bo3","GUEST","GUEST","ban","Cross",FALSE,18833,2,1,0,"Lewis333"
"BDAJM","dogao","LEWIS333","HC5 Qualifier Maps Bo3","GUEST","GUEST","pick","Gold Rush",FALSE,31515,1,0,0,"Lewis333"
"BDAJM","dogao","LEWIS333","HC5 Qualifier Maps Bo3","HOST","HOST","pick","Arabia",FALSE,34029,2,0,0,"dogao"
"BDAJM","dogao","LEWIS333","HC5 Qualifier Maps Bo3","HOST","HOST","ban","Quarry",FALSE,37382,3,0,0,"dogao"
"BDAJM","dogao","LEWIS333","HC5 Qualifier Maps Bo3","GUEST","GUEST","ban","Islands",FALSE,64809,4,0,0,"Lewis333"
"BDAJM","dogao","LEWIS333","HC5 Qualifier Maps Bo3","NONE","NONE","pick","Mudflow",FALSE,66813,3,0,1,NA
"bHRpr","Valas","dziam","HC5 Qualifier Maps Bo3","HOST","HOST","ban","Islands",FALSE,13638,1,1,0,"Valas"
"bHRpr","Valas","dziam","HC5 Qualifier Maps Bo3","GUEST","GUEST","ban","Quarry",FALSE,22320,2,1,0,"Dziamdziak"
"bHRpr","Valas","dziam","HC5 Qualifier Maps Bo3","GUEST","GUEST","pick","Cross",FALSE,30688,1,0,0,"Dziamdziak"
"bHRpr","Valas","dziam","HC5 Qualifier Maps Bo3","HOST","HOST","pick","Arabia",FALSE,35094,2,0,0,"Valas"
"bHRpr","Valas","dziam","HC5 Qualifier Maps Bo3","HOST","HOST","ban","Mudflow",FALSE,45316,3,0,0,"Valas"
"bHRpr","Valas","dziam","HC5 Qualifier Maps Bo3","GUEST","GUEST","ban","Gold Rush",FALSE,70537,4,0,0,"Dziamdziak"
"bHRpr","Valas","dziam","HC5 Qualifier Maps Bo3","NONE","NONE","pick","Slopes",FALSE,72555,3,0,1,NA
"bMJxd","slam","Daniel","HC5 Qualifier Maps Bo5","HOST","HOST","ban","Cross",FALSE,7494,1,1,0,"slam"
"bMJxd","slam","Daniel","HC5 Qualifier Maps Bo5","GUEST","GUEST","ban","Islands",FALSE,10575,2,1,0,"Daniel"
"bMJxd","slam","Daniel","HC5 Qualifier Maps Bo5","GUEST","GUEST","pick","Slopes",FALSE,17660,1,0,0,"Daniel"
"bMJxd","slam","Daniel","HC5 Qualifier Maps Bo5","HOST","HOST","pick","Quarry",FALSE,27081,2,0,0,"slam"
"bMJxd","slam","Daniel","HC5 Qualifier Maps Bo5","HOST","HOST","pick","Gold Rush",FALSE,31116,3,0,0,"slam"
"bMJxd","slam","Daniel","HC5 Qualifier Maps Bo5","GUEST","GUEST","pick","Mudflow",FALSE,31513,4,0,0,"Daniel"
"bMJxd","slam","Daniel","HC5 Qualifier Maps Bo5","NONE","NONE","pick","Arabia",FALSE,33514,5,0,1,NA
"ckJPr","f1re","DracKeN","HC5 Qualifier Maps Bo5","HOST","HOST","ban","Quarry",FALSE,1408,1,1,0,"F1Re"
"ckJPr","f1re","DracKeN","HC5 Qualifier Maps Bo5","GUEST","GUEST","ban","Slopes",FALSE,5247,2,1,0,"DracKeN"
"ckJPr","f1re","DracKeN","HC5 Qualifier Maps Bo5","GUEST","GUEST","pick","Gold Rush",TRUE,7917,1,0,0,"DracKeN"
"ckJPr","f1re","DracKeN","HC5 Qualifier Maps Bo5","HOST","HOST","pick","Arabia",FALSE,19499,2,0,0,"F1Re"
"ckJPr","f1re","DracKeN","HC5 Qualifier Maps Bo5","HOST","HOST","pick","Cross",FALSE,26312,3,0,0,"F1Re"
"ckJPr","f1re","DracKeN","HC5 Qualifier Maps Bo5","GUEST","GUEST","pick","Islands",TRUE,27271,4,0,0,"DracKeN"
"ckJPr","f1re","DracKeN","HC5 Qualifier Maps Bo5","NONE","NONE","pick","Mudflow",FALSE,29275,5,0,1,NA
"cMdvB","dKr","sora kuma","HC5 Qualifier Maps Bo3","HOST","HOST","ban","Mudflow",FALSE,11444,1,1,0,"deaKer"
"cMdvB","dKr","sora kuma","HC5 Qualifier Maps Bo3","GUEST","GUEST","ban","Arabia",FALSE,28461,2,1,0,"Sora kuma"
"cMdvB","dKr","sora kuma","HC5 Qualifier Maps Bo3","GUEST","GUEST","pick","Cross",FALSE,38575,1,0,0,"Sora kuma"
"cMdvB","dKr","sora kuma","HC5 Qualifier Maps Bo3","HOST","HOST","pick","Gold Rush",FALSE,66842,2,0,0,"deaKer"
"cMdvB","dKr","sora kuma","HC5 Qualifier Maps Bo3","HOST","HOST","ban","Islands",FALSE,70556,3,0,0,"deaKer"
"cMdvB","dKr","sora kuma","HC5 Qualifier Maps Bo3","GUEST","GUEST","ban","Slopes",FALSE,87098,4,0,0,"Sora kuma"
"cMdvB","dKr","sora kuma","HC5 Qualifier Maps Bo3","NONE","NONE","pick","Quarry",FALSE,89101,3,0,1,NA
"dntXz","saymyname","Good_Game","HC5 Qualifier Maps Bo3","HOST","HOST","ban","Quarry",FALSE,5740,1,1,0,"saymyname"
"dntXz","saymyname","Good_Game","HC5 Qualifier Maps Bo3","GUEST","GUEST","ban","Islands",FALSE,9191,2,1,0,"Good_Game"
"dntXz","saymyname","Good_Game","HC5 Qualifier Maps Bo3","GUEST","GUEST","pick","Cross",FALSE,12450,1,0,0,"Good_Game"
"dntXz","saymyname","Good_Game","HC5 Qualifier Maps Bo3","HOST","HOST","pick","Arabia",FALSE,20792,2,0,0,"saymyname"
"dntXz","saymyname","Good_Game","HC5 Qualifier Maps Bo3","HOST","HOST","ban","Mudflow",FALSE,29264,3,0,0,"saymyname"
"dntXz","saymyname","Good_Game","HC5 Qualifier Maps Bo3","GUEST","GUEST","ban","Slopes",FALSE,51369,4,0,0,"Good_Game"
"dntXz","saymyname","Good_Game","HC5 Qualifier Maps Bo3","NONE","NONE","pick","Gold Rush",FALSE,53372,3,0,1,NA
"dqwEI","KingStone","saymyname","HC5 Qualifier Maps Bo5","HOST","HOST","ban","Arabia",FALSE,9053,1,1,0,"KingstoNe"
"dqwEI","KingStone","saymyname","HC5 Qualifier Maps Bo5","GUEST","GUEST","ban","Quarry",FALSE,16090,2,1,0,"saymyname"
"dqwEI","KingStone","saymyname","HC5 Qualifier Maps Bo5","GUEST","GUEST","pick","Slopes",FALSE,19209,1,0,0,"saymyname"
"dqwEI","KingStone","saymyname","HC5 Qualifier Maps Bo5","HOST","HOST","pick","Islands",FALSE,26321,2,0,0,"KingstoNe"
"dqwEI","KingStone","saymyname","HC5 Qualifier Maps Bo5","HOST","HOST","pick","Gold Rush",FALSE,33004,3,0,0,"KingstoNe"
"dqwEI","KingStone","saymyname","HC5 Qualifier Maps Bo5","GUEST","GUEST","pick","Mudflow",FALSE,55758,4,0,0,"saymyname"
"dqwEI","KingStone","saymyname","HC5 Qualifier Maps Bo5","NONE","NONE","pick","Cross",FALSE,57759,5,0,1,NA
"durDo","repard","pleb","HC5 Qualifier Maps Bo3","HOST","HOST","ban","Islands",FALSE,8537,1,1,0,"repard"
"durDo","repard","pleb","HC5 Qualifier Maps Bo3","GUEST","GUEST","ban","Arabia",FALSE,11602,2,1,0,"IAnTaGoNiStI"
"durDo","repard","pleb","HC5 Qualifier Maps Bo3","GUEST","GUEST","pick","Mudflow",FALSE,14608,1,0,0,"IAnTaGoNiStI"
"durDo","repard","pleb","HC5 Qualifier Maps Bo3","HOST","HOST","pick","Slopes",FALSE,23707,2,0,0,"repard"
"durDo","repard","pleb","HC5 Qualifier Maps Bo3","HOST","HOST","ban","Cross",FALSE,25588,3,0,0,"repard"
"durDo","repard","pleb","HC5 Qualifier Maps Bo3","GUEST","GUEST","ban","Gold Rush",FALSE,33833,4,0,0,"IAnTaGoNiStI"
"durDo","repard","pleb","HC5 Qualifier Maps Bo3","NONE","NONE","pick","Quarry",FALSE,35836,3,0,1,NA
"emTUN","Sitaux","lyx","HC5 Qualifier Maps Bo5","HOST","HOST","ban","Gold Rush",FALSE,17370,1,1,0,"Sitaux"
"emTUN","Sitaux","lyx","HC5 Qualifier Maps Bo5","GUEST","GUEST","ban","Slopes",FALSE,25870,2,1,0,"EMA_003"
"emTUN","Sitaux","lyx","HC5 Qualifier Maps Bo5","GUEST","GUEST","pick","Cross",FALSE,38645,1,0,0,"EMA_003"
"emTUN","Sitaux","lyx","HC5 Qualifier Maps Bo5","HOST","HOST","pick","Quarry",FALSE,48129,2,0,0,"Sitaux"
"emTUN","Sitaux","lyx","HC5 Qualifier Maps Bo5","HOST","HOST","pick","Islands",FALSE,50633,3,0,0,"Sitaux"
"emTUN","Sitaux","lyx","HC5 Qualifier Maps Bo5","GUEST","GUEST","pick","Mudflow",FALSE,57128,4,0,0,"EMA_003"
"emTUN","Sitaux","lyx","HC5 Qualifier Maps Bo5","NONE","NONE","pick","Arabia",FALSE,59211,5,0,1,NA
"EqUTG","GL.TaToH","f1re","HC5 Qualifier Maps Bo5","HOST","HOST","ban","Islands",FALSE,2642,1,1,0,"TaToH"
"EqUTG","GL.TaToH","f1re","HC5 Qualifier Maps Bo5","GUEST","GUEST","ban","Quarry",FALSE,11570,2,1,0,"F1Re"
"EqUTG","GL.TaToH","f1re","HC5 Qualifier Maps Bo5","GUEST","GUEST","pick","Arabia",FALSE,16515,1,0,0,"F1Re"
"EqUTG","GL.TaToH","f1re","HC5 Qualifier Maps Bo5","HOST","HOST","pick","Mudflow",FALSE,25531,2,0,0,"TaToH"
"EqUTG","GL.TaToH","f1re","HC5 Qualifier Maps Bo5","HOST","HOST","pick","Cross",FALSE,28761,3,0,0,"TaToH"
"EqUTG","GL.TaToH","f1re","HC5 Qualifier Maps Bo5","GUEST","GUEST","pick","Gold Rush",FALSE,36622,4,0,0,"F1Re"
"EqUTG","GL.TaToH","f1re","HC5 Qualifier Maps Bo5","NONE","NONE","pick","Slopes",FALSE,38625,5,0,1,NA
"EsJxC","mb","Matze","HC5 Qualifier Maps Bo3","HOST","HOST","ban","Islands",FALSE,3152,1,1,0,"MbL"
"EsJxC","mb","Matze","HC5 Qualifier Maps Bo3","GUEST","GUEST","ban","Slopes",FALSE,14620,2,1,0,"Matze"
"EsJxC","mb","Matze","HC5 Qualifier Maps Bo3","GUEST","GUEST","pick","Quarry",FALSE,16780,1,0,0,"Matze"
"EsJxC","mb","Matze","HC5 Qualifier Maps Bo3","HOST","HOST","pick","Arabia",FALSE,21047,2,0,0,"MbL"
"EsJxC","mb","Matze","HC5 Qualifier Maps Bo3","HOST","HOST","ban","Cross",FALSE,26668,3,0,0,"MbL"
"EsJxC","mb","Matze","HC5 Qualifier Maps Bo3","GUEST","GUEST","ban","Gold Rush",FALSE,41307,4,0,0,"Matze"
"EsJxC","mb","Matze","HC5 Qualifier Maps Bo3","NONE","NONE","pick","Mudflow",FALSE,43310,3,0,1,NA
"EWiUX","Quang Tri","Tomate","HC5 Qualifier Maps Bo3","HOST","HOST","ban","Islands",FALSE,2569,1,1,0,"Thành Cổ Quảng Trị"
"EWiUX","Quang Tri","Tomate","HC5 Qualifier Maps Bo3","GUEST","GUEST","ban","Mudflow",FALSE,10616,2,1,0,"Tomate"
"EWiUX","Quang Tri","Tomate","HC5 Qualifier Maps Bo3","GUEST","GUEST","pick","Cross",FALSE,21201,1,0,0,"Tomate"
"EWiUX","Quang Tri","Tomate","HC5 Qualifier Maps Bo3","HOST","HOST","pick","Arabia",FALSE,23786,2,0,0,"Thành Cổ Quảng Trị"
"EWiUX","Quang Tri","Tomate","HC5 Qualifier Maps Bo3","HOST","HOST","ban","Quarry",FALSE,26766,3,0,0,"Thành Cổ Quảng Trị"
"EWiUX","Quang Tri","Tomate","HC5 Qualifier Maps Bo3","GUEST","GUEST","ban","Gold Rush",FALSE,35072,4,0,0,"Tomate"
"EWiUX","Quang Tri","Tomate","HC5 Qualifier Maps Bo3","NONE","NONE","pick","Slopes",FALSE,37074,3,0,1,NA
"FErEx","Fox.Mihai06","Overtaken","HC5 Qualifier Maps Bo5","HOST","HOST","ban","Mudflow",FALSE,6054,1,1,0,"Mihai06"
"FErEx","Fox.Mihai06","Overtaken","HC5 Qualifier Maps Bo5","GUEST","GUEST","ban","Quarry",FALSE,13113,2,1,0,"Overtaken"
"FErEx","Fox.Mihai06","Overtaken","HC5 Qualifier Maps Bo5","GUEST","GUEST","pick","Cross",FALSE,19034,1,0,0,"Overtaken"
"FErEx","Fox.Mihai06","Overtaken","HC5 Qualifier Maps Bo5","HOST","HOST","pick","Arabia",FALSE,48086,2,0,0,"Mihai06"
"FErEx","Fox.Mihai06","Overtaken","HC5 Qualifier Maps Bo5","HOST","HOST","pick","Islands",FALSE,62836,3,0,0,"Mihai06"
"FErEx","Fox.Mihai06","Overtaken","HC5 Qualifier Maps Bo5","GUEST","GUEST","pick","Slopes",FALSE,84151,4,0,0,"Overtaken"
"FErEx","Fox.Mihai06","Overtaken","HC5 Qualifier Maps Bo5","NONE","NONE","pick","Gold Rush",FALSE,86154,5,0,1,NA
"fEUFb","SalzZ_classicpro","Eli","HC5 Qualifier Maps Bo3","HOST","HOST","ban","Islands",FALSE,2443,1,1,0,"classicpro"
"fEUFb","SalzZ_classicpro","Eli","HC5 Qualifier Maps Bo3","GUEST","GUEST","ban","Arabia",FALSE,6430,2,1,0,"Eli"
"fEUFb","SalzZ_classicpro","Eli","HC5 Qualifier Maps Bo3","GUEST","GUEST","pick","Gold Rush",FALSE,13931,1,0,0,"Eli"
"fEUFb","SalzZ_classicpro","Eli","HC5 Qualifier Maps Bo3","HOST","HOST","pick","Mudflow",FALSE,21615,2,0,0,"classicpro"
"fEUFb","SalzZ_classicpro","Eli","HC5 Qualifier Maps Bo3","HOST","HOST","ban","Quarry",FALSE,25969,3,0,0,"classicpro"
"fEUFb","SalzZ_classicpro","Eli","HC5 Qualifier Maps Bo3","GUEST","GUEST","ban","Slopes",FALSE,39444,4,0,0,"Eli"
"fEUFb","SalzZ_classicpro","Eli","HC5 Qualifier Maps Bo3","NONE","NONE","pick","Cross",FALSE,41447,3,0,1,NA
"fKKWA","Villese","Ganji","HC5 Qualifier Maps Bo5","HOST","HOST","ban","Quarry",FALSE,9012,1,1,0,"Villese"
"fKKWA","Villese","Ganji","HC5 Qualifier Maps Bo5","GUEST","GUEST","ban","Cross",FALSE,17192,2,1,0,"Ganji"
"fKKWA","Villese","Ganji","HC5 Qualifier Maps Bo5","GUEST","GUEST","pick","Arabia",FALSE,28242,1,0,0,"Ganji"
"fKKWA","Villese","Ganji","HC5 Qualifier Maps Bo5","HOST","HOST","pick","Gold Rush",FALSE,40382,2,0,0,"Villese"
"fKKWA","Villese","Ganji","HC5 Qualifier Maps Bo5","HOST","HOST","pick","Mudflow",FALSE,44937,3,0,0,"Villese"
"fKKWA","Villese","Ganji","HC5 Qualifier Maps Bo5","GUEST","GUEST","pick","Slopes",FALSE,52339,4,0,0,"Ganji"
"fKKWA","Villese","Ganji","HC5 Qualifier Maps Bo5","NONE","NONE","pick","Islands",FALSE,54341,5,0,1,NA
"fKSeS","Sitaux","Salted Pepega","HC5 Qualifier Maps Bo3","HOST","HOST","ban","Islands",FALSE,12612,1,1,0,"Sitaux"
"fKSeS","Sitaux","Salted Pepega","HC5 Qualifier Maps Bo3","GUEST","GUEST","ban","Mudflow",FALSE,17589,2,1,0,"Salted Pepper"
"fKSeS","Sitaux","Salted Pepega","HC5 Qualifier Maps Bo3","GUEST","GUEST","pick","Cross",FALSE,19579,1,0,0,"Salted Pepper"
"fKSeS","Sitaux","Salted Pepega","HC5 Qualifier Maps Bo3","HOST","HOST","pick","Arabia",FALSE,35876,2,0,0,"Sitaux"
"fKSeS","Sitaux","Salted Pepega","HC5 Qualifier Maps Bo3","HOST","HOST","ban","Quarry",FALSE,38693,3,0,0,"Sitaux"
"fKSeS","Sitaux","Salted Pepega","HC5 Qualifier Maps Bo3","GUEST","GUEST","ban","Slopes",FALSE,52024,4,0,0,"Salted Pepper"
"fKSeS","Sitaux","Salted Pepega","HC5 Qualifier Maps Bo3","NONE","NONE","pick","Gold Rush",FALSE,54026,3,0,1,NA
"FnnXz","SalzZ_Vinchester","Fox.Dark","HC5 Qualifier Maps Bo5","HOST","HOST","ban","Quarry",FALSE,3154,1,1,0,"Vinchester"
"FnnXz","SalzZ_Vinchester","Fox.Dark","HC5 Qualifier Maps Bo5","GUEST","GUEST","ban","Slopes",FALSE,4841,2,1,0,"Dark"
"FnnXz","SalzZ_Vinchester","Fox.Dark","HC5 Qualifier Maps Bo5","GUEST","GUEST","pick","Islands",FALSE,7873,1,0,0,"Dark"
"FnnXz","SalzZ_Vinchester","Fox.Dark","HC5 Qualifier Maps Bo5","HOST","HOST","pick","Mudflow",FALSE,24490,2,0,0,"Vinchester"
"FnnXz","SalzZ_Vinchester","Fox.Dark","HC5 Qualifier Maps Bo5","HOST","HOST","pick","Gold Rush",FALSE,24924,3,0,0,"Vinchester"
"FnnXz","SalzZ_Vinchester","Fox.Dark","HC5 Qualifier Maps Bo5","GUEST","GUEST","pick","Cross",FALSE,26840,4,0,0,"Dark"
"FnnXz","SalzZ_Vinchester","Fox.Dark","HC5 Qualifier Maps Bo5","NONE","NONE","pick","Arabia",FALSE,28843,5,0,1,NA
"FTHZS","GL.TaToH","Terz","HC5 Qualifier Maps Bo3","HOST","HOST","ban","Cross",FALSE,16863,1,1,0,"TaToH"
"FTHZS","GL.TaToH","Terz","HC5 Qualifier Maps Bo3","GUEST","GUEST","ban","Mudflow",FALSE,30815,2,1,0,"Terz"
"FTHZS","GL.TaToH","Terz","HC5 Qualifier Maps Bo3","GUEST","GUEST","pick","Gold Rush",FALSE,33449,1,0,0,"Terz"
"FTHZS","GL.TaToH","Terz","HC5 Qualifier Maps Bo3","HOST","HOST","pick","Slopes",FALSE,47597,2,0,0,"TaToH"
"FTHZS","GL.TaToH","Terz","HC5 Qualifier Maps Bo3","HOST","HOST","ban","Arabia",FALSE,51396,3,0,0,"TaToH"
"FTHZS","GL.TaToH","Terz","HC5 Qualifier Maps Bo3","GUEST","GUEST","ban","Islands",FALSE,79995,4,0,0,"Terz"
"FTHZS","GL.TaToH","Terz","HC5 Qualifier Maps Bo3","NONE","NONE","pick","Quarry",FALSE,81997,3,0,1,NA
"GMcUq","Kozmonot","Date Masamune","HC5 Qualifier Maps Bo3","HOST","HOST","ban","Islands",FALSE,5001,1,1,0,"Dr.Kozmonot"
"GMcUq","Kozmonot","Date Masamune","HC5 Qualifier Maps Bo3","GUEST","GUEST","ban","Cross",FALSE,12193,2,1,0,"gkt_cloud"
"GMcUq","Kozmonot","Date Masamune","HC5 Qualifier Maps Bo3","GUEST","GUEST","pick","Quarry",FALSE,24589,1,0,0,"gkt_cloud"
"GMcUq","Kozmonot","Date Masamune","HC5 Qualifier Maps Bo3","HOST","HOST","pick","Mudflow",FALSE,33636,2,0,0,"Dr.Kozmonot"
"GMcUq","Kozmonot","Date Masamune","HC5 Qualifier Maps Bo3","HOST","HOST","ban","Gold Rush",FALSE,37426,3,0,0,"Dr.Kozmonot"
"GMcUq","Kozmonot","Date Masamune","HC5 Qualifier Maps Bo3","GUEST","GUEST","ban","Slopes",FALSE,52731,4,0,0,"gkt_cloud"
"GMcUq","Kozmonot","Date Masamune","HC5 Qualifier Maps Bo3","NONE","NONE","pick","Arabia",FALSE,54733,3,0,1,NA
"GRoRM","mb","TheMax","HC5 Qualifier Maps Bo5","HOST","HOST","ban","Islands",FALSE,4992,1,1,0,"MbL"
"GRoRM","mb","TheMax","HC5 Qualifier Maps Bo5","GUEST","GUEST","ban","Arabia",FALSE,10691,2,1,0,"TheMax"
"GRoRM","mb","TheMax","HC5 Qualifier Maps Bo5","GUEST","GUEST","pick","Cross",FALSE,14496,1,0,0,"TheMax"
"GRoRM","mb","TheMax","HC5 Qualifier Maps Bo5","HOST","HOST","pick","Slopes",FALSE,18115,2,0,0,"MbL"
"GRoRM","mb","TheMax","HC5 Qualifier Maps Bo5","HOST","HOST","pick","Mudflow",FALSE,26705,3,0,0,"MbL"
"GRoRM","mb","TheMax","HC5 Qualifier Maps Bo5","GUEST","GUEST","pick","Quarry",FALSE,31954,4,0,0,"TheMax"
"GRoRM","mb","TheMax","HC5 Qualifier Maps Bo5","NONE","NONE","pick","Gold Rush",FALSE,33955,5,0,1,NA
"hibZQ","SalzZ_Vinchester","Chelo","HC5 Qualifier Maps Bo3","HOST","HOST","ban","Mudflow",FALSE,13484,1,1,0,"Vinchester"
"hibZQ","SalzZ_Vinchester","Chelo","HC5 Qualifier Maps Bo3","GUEST","GUEST","ban","Quarry",FALSE,24479,2,1,0,"CHELOOO"
"hibZQ","SalzZ_Vinchester","Chelo","HC5 Qualifier Maps Bo3","GUEST","GUEST","pick","Islands",FALSE,38346,1,0,0,"CHELOOO"
"hibZQ","SalzZ_Vinchester","Chelo","HC5 Qualifier Maps Bo3","HOST","HOST","pick","Cross",FALSE,41425,2,0,0,"Vinchester"
"hibZQ","SalzZ_Vinchester","Chelo","HC5 Qualifier Maps Bo3","HOST","HOST","ban","Gold Rush",FALSE,45672,3,0,0,"Vinchester"
"hibZQ","SalzZ_Vinchester","Chelo","HC5 Qualifier Maps Bo3","GUEST","GUEST","ban","Slopes",FALSE,76799,4,0,0,"CHELOOO"
"hibZQ","SalzZ_Vinchester","Chelo","HC5 Qualifier Maps Bo3","NONE","NONE","pick","Arabia",FALSE,78802,3,0,1,NA
"HJiSc","TeMo","DracKeN","HC5 Qualifier Maps Bo3","HOST","HOST","ban","Islands",FALSE,5863,1,1,0,"TeMo"
"HJiSc","TeMo","DracKeN","HC5 Qualifier Maps Bo3","GUEST","GUEST","ban","Slopes",FALSE,16431,2,1,0,"DracKeN"
"HJiSc","TeMo","DracKeN","HC5 Qualifier Maps Bo3","GUEST","GUEST","pick","Cross",FALSE,35106,1,0,0,"DracKeN"
"HJiSc","TeMo","DracKeN","HC5 Qualifier Maps Bo3","HOST","HOST","pick","Mudflow",FALSE,40207,2,0,0,"TeMo"
"HJiSc","TeMo","DracKeN","HC5 Qualifier Maps Bo3","HOST","HOST","ban","Gold Rush",FALSE,46240,3,0,0,"TeMo"
"HJiSc","TeMo","DracKeN","HC5 Qualifier Maps Bo3","GUEST","GUEST","ban","Arabia",FALSE,49648,4,0,0,"DracKeN"
"HJiSc","TeMo","DracKeN","HC5 Qualifier Maps Bo3","NONE","NONE","pick","Quarry",FALSE,51651,3,0,1,NA
"HpIyI","[TAG] Rayz","vivi","HC5 Qualifier Maps Bo3","HOST","HOST","ban","Cross",FALSE,8716,1,1,0,"Rayz"
"HpIyI","[TAG] Rayz","vivi","HC5 Qualifier Maps Bo3","GUEST","GUEST","ban","Mudflow",FALSE,16769,2,1,0,"Vivi"
"HpIyI","[TAG] Rayz","vivi","HC5 Qualifier Maps Bo3","GUEST","GUEST","pick","Arabia",FALSE,27370,1,0,0,"Vivi"
"HpIyI","[TAG] Rayz","vivi","HC5 Qualifier Maps Bo3","HOST","HOST","pick","Islands",FALSE,30774,2,0,0,"Rayz"
"HpIyI","[TAG] Rayz","vivi","HC5 Qualifier Maps Bo3","HOST","HOST","ban","Gold Rush",FALSE,33968,3,0,0,"Rayz"
"HpIyI","[TAG] Rayz","vivi","HC5 Qualifier Maps Bo3","GUEST","GUEST","ban","Slopes",FALSE,52348,4,0,0,"Vivi"
"HpIyI","[TAG] Rayz","vivi","HC5 Qualifier Maps Bo3","NONE","NONE","pick","Quarry",FALSE,54350,3,0,1,NA
"hTjcP","koala","Fedex","HC5 Qualifier Maps Bo3","HOST","HOST","ban","Cross",FALSE,3254,1,1,0,"Bad Koala"
"hTjcP","koala","Fedex","HC5 Qualifier Maps Bo3","GUEST","GUEST","ban","Arabia",FALSE,14400,2,1,0,"Fedex"
"hTjcP","koala","Fedex","HC5 Qualifier Maps Bo3","GUEST","GUEST","pick","Islands",FALSE,16458,1,0,0,"Fedex"
"hTjcP","koala","Fedex","HC5 Qualifier Maps Bo3","HOST","HOST","pick","Mudflow",FALSE,47579,2,0,0,"Bad Koala"
"hTjcP","koala","Fedex","HC5 Qualifier Maps Bo3","HOST","HOST","ban","Quarry",FALSE,51628,3,0,0,"Bad Koala"
"hTjcP","koala","Fedex","HC5 Qualifier Maps Bo3","GUEST","GUEST","ban","Slopes",FALSE,66488,4,0,0,"Fedex"
"hTjcP","koala","Fedex","HC5 Qualifier Maps Bo3","NONE","NONE","pick","Gold Rush",FALSE,68491,3,0,1,NA
"iNuUQ","Combi | Uzzi","Prismelf09","HC5 Qualifier Maps Bo3","HOST","HOST","ban","Arabia",FALSE,13665,1,1,0,"Uzzi"
"iNuUQ","Combi | Uzzi","Prismelf09","HC5 Qualifier Maps Bo3","GUEST","GUEST","ban","Mudflow",FALSE,22709,2,1,0,"Prisma09"
"iNuUQ","Combi | Uzzi","Prismelf09","HC5 Qualifier Maps Bo3","GUEST","GUEST","pick","Gold Rush",FALSE,25195,1,0,0,"Prisma09"
"iNuUQ","Combi | Uzzi","Prismelf09","HC5 Qualifier Maps Bo3","HOST","HOST","pick","Islands",FALSE,32940,2,0,0,"Uzzi"
"iNuUQ","Combi | Uzzi","Prismelf09","HC5 Qualifier Maps Bo3","HOST","HOST","ban","Slopes",FALSE,44077,3,0,0,"Uzzi"
"iNuUQ","Combi | Uzzi","Prismelf09","HC5 Qualifier Maps Bo3","GUEST","GUEST","ban","Quarry",FALSE,47064,4,0,0,"Prisma09"
"iNuUQ","Combi | Uzzi","Prismelf09","HC5 Qualifier Maps Bo3","NONE","NONE","pick","Cross",FALSE,49067,3,0,1,NA
"IWqeT","Kasva","Target331","HC5 Qualifier Maps Bo3","HOST","HOST","ban","Quarry",FALSE,5571,1,1,0,"Kasva"
"IWqeT","Kasva","Target331","HC5 Qualifier Maps Bo3","GUEST","GUEST","ban","Mudflow",FALSE,16001,2,1,0,"Target331"
"IWqeT","Kasva","Target331","HC5 Qualifier Maps Bo3","GUEST","GUEST","pick","Islands",FALSE,22211,1,0,0,"Target331"
"IWqeT","Kasva","Target331","HC5 Qualifier Maps Bo3","HOST","HOST","pick","Cross",FALSE,34032,2,0,0,"Kasva"
"IWqeT","Kasva","Target331","HC5 Qualifier Maps Bo3","HOST","HOST","ban","Gold Rush",FALSE,39807,3,0,0,"Kasva"
"IWqeT","Kasva","Target331","HC5 Qualifier Maps Bo3","GUEST","GUEST","ban","Arabia",FALSE,58421,4,0,0,"Target331"
"IWqeT","Kasva","Target331","HC5 Qualifier Maps Bo3","NONE","NONE","pick","Slopes",FALSE,60425,3,0,1,NA
"iZnLB","Capoch","jibatong","HC5 Qualifier Maps Bo5","HOST","HOST","ban","Quarry",FALSE,4329,1,1,0,"Capoch"
"iZnLB","Capoch","jibatong","HC5 Qualifier Maps Bo5","GUEST","GUEST","ban","Cross",FALSE,25560,2,1,0,"Jibatong"
"iZnLB","Capoch","jibatong","HC5 Qualifier Maps Bo5","GUEST","GUEST","pick","Mudflow",FALSE,50256,1,0,0,"Jibatong"
"iZnLB","Capoch","jibatong","HC5 Qualifier Maps Bo5","HOST","HOST","pick","Arabia",FALSE,65972,2,0,0,"Capoch"
"iZnLB","Capoch","jibatong","HC5 Qualifier Maps Bo5","HOST","HOST","pick","Islands",FALSE,67537,3,0,0,"Capoch"
"iZnLB","Capoch","jibatong","HC5 Qualifier Maps Bo5","GUEST","GUEST","pick","Slopes",FALSE,80300,4,0,0,"Jibatong"
"iZnLB","Capoch","jibatong","HC5 Qualifier Maps Bo5","NONE","NONE","pick","Gold Rush",FALSE,82303,5,0,1,NA
"jjuJr","andre","Biry","HC5 Qualifier Maps Bo3","HOST","HOST","ban","Cross",FALSE,1597,1,1,0,"Andre_2i"
"jjuJr","andre","Biry","HC5 Qualifier Maps Bo3","GUEST","GUEST","ban","Arabia",FALSE,6700,2,1,0,"Biry"
"jjuJr","andre","Biry","HC5 Qualifier Maps Bo3","GUEST","GUEST","pick","Mudflow",FALSE,10644,1,0,0,"Biry"
"jjuJr","andre","Biry","HC5 Qualifier Maps Bo3","HOST","HOST","pick","Quarry",FALSE,28284,2,0,0,"Andre_2i"
"jjuJr","andre","Biry","HC5 Qualifier Maps Bo3","HOST","HOST","ban","Islands",FALSE,31290,3,0,0,"Andre_2i"
"jjuJr","andre","Biry","HC5 Qualifier Maps Bo3","GUEST","GUEST","ban","Gold Rush",FALSE,45976,4,0,0,"Biry"
"jjuJr","andre","Biry","HC5 Qualifier Maps Bo3","NONE","NONE","pick","Slopes",FALSE,47979,3,0,1,NA
"KAGJv","Good_luck","FOX.Sebastian","HC5 Qualifier Maps Bo3","HOST","HOST","ban","Mudflow",FALSE,7390,1,1,0,"Good_luck"
"KAGJv","Good_luck","FOX.Sebastian","HC5 Qualifier Maps Bo3","GUEST","GUEST","ban","Islands",FALSE,16219,2,1,0,"Sebastian2002"
"KAGJv","Good_luck","FOX.Sebastian","HC5 Qualifier Maps Bo3","GUEST","GUEST","pick","Cross",FALSE,18467,1,0,0,"Sebastian2002"
"KAGJv","Good_luck","FOX.Sebastian","HC5 Qualifier Maps Bo3","HOST","HOST","pick","Gold Rush",FALSE,44055,2,0,0,"Good_luck"
"KAGJv","Good_luck","FOX.Sebastian","HC5 Qualifier Maps Bo3","HOST","HOST","ban","Quarry",FALSE,51169,3,0,0,"Good_luck"
"KAGJv","Good_luck","FOX.Sebastian","HC5 Qualifier Maps Bo3","GUEST","GUEST","ban","Slopes",FALSE,64566,4,0,0,"Sebastian2002"
"KAGJv","Good_luck","FOX.Sebastian","HC5 Qualifier Maps Bo3","NONE","NONE","pick","Arabia",FALSE,66568,3,0,1,NA
"kWKqg","Fox.Mihai06","FOX.Margougou","HC5 Qualifier Maps Bo5","HOST","HOST","ban","Mudflow",FALSE,2144,1,1,0,"Mihai06"
"kWKqg","Fox.Mihai06","FOX.Margougou","HC5 Qualifier Maps Bo5","GUEST","GUEST","ban","Arabia",FALSE,18202,2,1,0,"Margougou"
"kWKqg","Fox.Mihai06","FOX.Margougou","HC5 Qualifier Maps Bo5","GUEST","GUEST","pick","Islands",FALSE,30473,1,0,0,"Margougou"
"kWKqg","Fox.Mihai06","FOX.Margougou","HC5 Qualifier Maps Bo5","HOST","HOST","pick","Cross",FALSE,41069,2,0,0,"Mihai06"
"kWKqg","Fox.Mihai06","FOX.Margougou","HC5 Qualifier Maps Bo5","HOST","HOST","pick","Gold Rush",FALSE,45445,3,0,0,"Mihai06"
"kWKqg","Fox.Mihai06","FOX.Margougou","HC5 Qualifier Maps Bo5","GUEST","GUEST","pick","Slopes",FALSE,52126,4,0,0,"Margougou"
"kWKqg","Fox.Mihai06","FOX.Margougou","HC5 Qualifier Maps Bo5","NONE","NONE","pick","Quarry",FALSE,54129,5,0,1,NA
"kZVUF","Kozmo","Hearttt","HC5 Qualifier Maps Bo5","HOST","HOST","ban","Arabia",FALSE,6639,1,1,0,"Dr.Kozmonot"
"kZVUF","Kozmo","Hearttt","HC5 Qualifier Maps Bo5","GUEST","GUEST","ban","Islands",FALSE,9304,2,1,0,"Hearttt"
"kZVUF","Kozmo","Hearttt","HC5 Qualifier Maps Bo5","GUEST","GUEST","pick","Slopes",FALSE,13219,1,0,0,"Hearttt"
"kZVUF","Kozmo","Hearttt","HC5 Qualifier Maps Bo5","HOST","HOST","pick","Gold Rush",FALSE,24245,2,0,0,"Dr.Kozmonot"
"kZVUF","Kozmo","Hearttt","HC5 Qualifier Maps Bo5","HOST","HOST","pick","Cross",FALSE,36366,3,0,0,"Dr.Kozmonot"
"kZVUF","Kozmo","Hearttt","HC5 Qualifier Maps Bo5","GUEST","GUEST","pick","Mudflow",FALSE,44860,4,0,0,"Hearttt"
"kZVUF","Kozmo","Hearttt","HC5 Qualifier Maps Bo5","NONE","NONE","pick","Quarry",FALSE,46862,5,0,1,NA
"LbbCs","Babaorum","Premysl Ottokar II","HC5 Qualifier Maps Bo3","HOST","HOST","ban","Arabia",FALSE,2013,1,1,0,"Babaorum"
"LbbCs","Babaorum","Premysl Ottokar II","HC5 Qualifier Maps Bo3","GUEST","GUEST","ban","Islands",FALSE,3688,2,1,0,"iBUYPOWER"
"LbbCs","Babaorum","Premysl Ottokar II","HC5 Qualifier Maps Bo3","GUEST","GUEST","pick","Slopes",FALSE,9796,1,0,0,"iBUYPOWER"
"LbbCs","Babaorum","Premysl Ottokar II","HC5 Qualifier Maps Bo3","HOST","HOST","pick","Quarry",FALSE,22628,2,0,0,"Babaorum"
"LbbCs","Babaorum","Premysl Ottokar II","HC5 Qualifier Maps Bo3","HOST","HOST","ban","Mudflow",FALSE,36617,3,0,0,"Babaorum"
"LbbCs","Babaorum","Premysl Ottokar II","HC5 Qualifier Maps Bo3","GUEST","GUEST","ban","Cross",FALSE,41179,4,0,0,"iBUYPOWER"
"LbbCs","Babaorum","Premysl Ottokar II","HC5 Qualifier Maps Bo3","NONE","NONE","pick","Gold Rush",FALSE,43181,3,0,1,NA
"LBNtS","dogao","andre","HC5 Qualifier Maps Bo5","HOST","HOST","ban","Quarry",FALSE,3314,1,1,0,"dogao"
"LBNtS","dogao","andre","HC5 Qualifier Maps Bo5","GUEST","GUEST","ban","Cross",FALSE,6797,2,1,0,"Andre_2i"
"LBNtS","dogao","andre","HC5 Qualifier Maps Bo5","GUEST","GUEST","pick","Arabia",FALSE,11686,1,0,0,"Andre_2i"
"LBNtS","dogao","andre","HC5 Qualifier Maps Bo5","HOST","HOST","pick","Mudflow",FALSE,22369,2,0,0,"dogao"
"LBNtS","dogao","andre","HC5 Qualifier Maps Bo5","HOST","HOST","pick","Gold Rush",FALSE,23036,3,0,0,"dogao"
"LBNtS","dogao","andre","HC5 Qualifier Maps Bo5","GUEST","GUEST","pick","Slopes",FALSE,37333,4,0,0,"Andre_2i"
"LBNtS","dogao","andre","HC5 Qualifier Maps Bo5","NONE","NONE","pick","Islands",FALSE,39335,5,0,1,NA
"LNiKT","Hearttt","vivi","HC5 Qualifier Maps Bo5","HOST","HOST","ban","Quarry",FALSE,7992,1,1,0,"Hearttt"
"LNiKT","Hearttt","vivi","HC5 Qualifier Maps Bo5","GUEST","GUEST","ban","Arabia",FALSE,14693,2,1,0,"Vivi"
"LNiKT","Hearttt","vivi","HC5 Qualifier Maps Bo5","GUEST","GUEST","pick","Islands",FALSE,16730,1,0,0,"Vivi"
"LNiKT","Hearttt","vivi","HC5 Qualifier Maps Bo5","HOST","HOST","pick","Cross",FALSE,18880,2,0,0,"Hearttt"
"LNiKT","Hearttt","vivi","HC5 Qualifier Maps Bo5","HOST","HOST","pick","Mudflow",FALSE,19770,3,0,0,"Hearttt"
"LNiKT","Hearttt","vivi","HC5 Qualifier Maps Bo5","GUEST","GUEST","pick","Gold Rush",FALSE,30445,4,0,0,"Vivi"
"LNiKT","Hearttt","vivi","HC5 Qualifier Maps Bo5","NONE","NONE","pick","Slopes",FALSE,32448,5,0,1,NA
"lPTsd","Whocl","Monoz","HC5 Qualifier Maps Bo3","HOST","HOST","ban","Islands",FALSE,26155,1,1,0,"Whocl"
"lPTsd","Whocl","Monoz","HC5 Qualifier Maps Bo3","GUEST","GUEST","ban","Slopes",FALSE,32420,2,1,0,"Monoz"
"lPTsd","Whocl","Monoz","HC5 Qualifier Maps Bo3","GUEST","GUEST","pick","Cross",FALSE,45888,1,0,0,"Monoz"
"lPTsd","Whocl","Monoz","HC5 Qualifier Maps Bo3","HOST","HOST","pick","Gold Rush",FALSE,75676,2,0,0,"Whocl"
"lPTsd","Whocl","Monoz","HC5 Qualifier Maps Bo3","HOST","HOST","ban","Quarry",FALSE,80295,3,0,0,"Whocl"
"lPTsd","Whocl","Monoz","HC5 Qualifier Maps Bo3","GUEST","GUEST","ban","Arabia",FALSE,91951,4,0,0,"Monoz"
"lPTsd","Whocl","Monoz","HC5 Qualifier Maps Bo3","NONE","NONE","pick","Mudflow",FALSE,93954,3,0,1,NA
"LRxwV","Dragonstar","Dratek","HC5 Qualifier Maps Bo3","HOST","HOST","ban","Quarry",FALSE,13361,1,1,0,"The_Dragonstar"
"LRxwV","Dragonstar","Dratek","HC5 Qualifier Maps Bo3","GUEST","GUEST","ban","Arabia",FALSE,16111,2,1,0,"Dratek"
"LRxwV","Dragonstar","Dratek","HC5 Qualifier Maps Bo3","GUEST","GUEST","pick","Islands",FALSE,31762,1,0,0,"Dratek"
"LRxwV","Dragonstar","Dratek","HC5 Qualifier Maps Bo3","HOST","HOST","pick","Mudflow",FALSE,39172,2,0,0,"The_Dragonstar"
"LRxwV","Dragonstar","Dratek","HC5 Qualifier Maps Bo3","HOST","HOST","ban","Gold Rush",FALSE,43659,3,0,0,"The_Dragonstar"
"LRxwV","Dragonstar","Dratek","HC5 Qualifier Maps Bo3","GUEST","GUEST","ban","Slopes",FALSE,46982,4,0,0,"Dratek"
"LRxwV","Dragonstar","Dratek","HC5 Qualifier Maps Bo3","NONE","NONE","pick","Cross",FALSE,48984,3,0,1,NA
"lSTtq","miguel","Sobek","HC5 Qualifier Maps Bo5","HOST","HOST","ban","Quarry",FALSE,8784,1,1,0,"miguel"
"lSTtq","miguel","Sobek","HC5 Qualifier Maps Bo5","GUEST","GUEST","ban","Islands",FALSE,12193,2,1,0,"Sobek"
"lSTtq","miguel","Sobek","HC5 Qualifier Maps Bo5","GUEST","GUEST","pick","Slopes",FALSE,14847,1,0,0,"Sobek"
"lSTtq","miguel","Sobek","HC5 Qualifier Maps Bo5","HOST","HOST","pick","Mudflow",FALSE,20304,2,0,0,"miguel"
"lSTtq","miguel","Sobek","HC5 Qualifier Maps Bo5","HOST","HOST","pick","Arabia",FALSE,31929,3,0,0,"miguel"
"lSTtq","miguel","Sobek","HC5 Qualifier Maps Bo5","GUEST","GUEST","pick","Cross",FALSE,38084,4,0,0,"Sobek"
"lSTtq","miguel","Sobek","HC5 Qualifier Maps Bo5","NONE","NONE","pick","Gold Rush",FALSE,40087,5,0,1,NA
"MiWEG","JBT","Nezzar","HC5 Qualifier Maps Bo3","HOST","HOST","ban","Islands",FALSE,6533,1,1,0,"Jibatong"
"MiWEG","JBT","Nezzar","HC5 Qualifier Maps Bo3","GUEST","GUEST","ban","Cross",FALSE,23203,2,1,0,"Nezzar"
"MiWEG","JBT","Nezzar","HC5 Qualifier Maps Bo3","GUEST","GUEST","pick","Mudflow",FALSE,29713,1,0,0,"Nezzar"
"MiWEG","JBT","Nezzar","HC5 Qualifier Maps Bo3","HOST","HOST","pick","Quarry",FALSE,52185,2,0,0,"Jibatong"
"MiWEG","JBT","Nezzar","HC5 Qualifier Maps Bo3","HOST","HOST","ban","Gold Rush",FALSE,63813,3,0,0,"Jibatong"
"MiWEG","JBT","Nezzar","HC5 Qualifier Maps Bo3","GUEST","GUEST","ban","Slopes",FALSE,80176,4,0,0,"Nezzar"
"MiWEG","JBT","Nezzar","HC5 Qualifier Maps Bo3","NONE","NONE","pick","Arabia",FALSE,82180,3,0,1,NA
"mqrcD","Ming","Nahuel05","HC5 Qualifier Maps Bo3","GUEST","HOST","ban","Gold Rush",FALSE,3959,1,1,0,"Nahuel05"
"mqrcD","Ming","Nahuel05","HC5 Qualifier Maps Bo3","HOST","GUEST","ban","Slopes",FALSE,36135,2,1,0,"Ming"
"mqrcD","Ming","Nahuel05","HC5 Qualifier Maps Bo3","HOST","GUEST","pick","Islands",FALSE,45237,1,0,0,"Ming"
"mqrcD","Ming","Nahuel05","HC5 Qualifier Maps Bo3","GUEST","HOST","pick","Mudflow",FALSE,52420,2,0,0,"Nahuel05"
"mqrcD","Ming","Nahuel05","HC5 Qualifier Maps Bo3","GUEST","HOST","ban","Quarry",FALSE,67013,3,0,0,"Nahuel05"
"mqrcD","Ming","Nahuel05","HC5 Qualifier Maps Bo3","HOST","GUEST","ban","Cross",FALSE,71367,4,0,0,"Ming"
"mqrcD","Ming","Nahuel05","HC5 Qualifier Maps Bo3","NONE","NONE","pick","Arabia",FALSE,73370,3,0,1,NA
"mTQjl","St4rk","Running","HC5 Qualifier Maps Bo5","HOST","HOST","ban","Quarry",FALSE,3568,1,1,0,"st4rk"
"mTQjl","St4rk","Running","HC5 Qualifier Maps Bo5","GUEST","GUEST","ban","Cross",FALSE,7185,2,1,0,"Running"
"mTQjl","St4rk","Running","HC5 Qualifier Maps Bo5","GUEST","GUEST","pick","Mudflow",FALSE,11189,1,0,0,"Running"
"mTQjl","St4rk","Running","HC5 Qualifier Maps Bo5","HOST","HOST","pick","Islands",FALSE,17440,2,0,0,"st4rk"
"mTQjl","St4rk","Running","HC5 Qualifier Maps Bo5","HOST","HOST","pick","Gold Rush",FALSE,25175,3,0,0,"st4rk"
"mTQjl","St4rk","Running","HC5 Qualifier Maps Bo5","GUEST","GUEST","pick","Slopes",FALSE,32224,4,0,0,"Running"
"mTQjl","St4rk","Running","HC5 Qualifier Maps Bo5","NONE","NONE","pick","Arabia",FALSE,34227,5,0,1,NA
"NefdA","TheBloodless","Nicov","HC5 Qualifier Maps Bo3","HOST","HOST","ban","Slopes",FALSE,28779,1,1,0,"TheBloodless"
"NefdA","TheBloodless","Nicov","HC5 Qualifier Maps Bo3","GUEST","GUEST","ban","Quarry",FALSE,35793,2,1,0,"Nicov"
"NefdA","TheBloodless","Nicov","HC5 Qualifier Maps Bo3","GUEST","GUEST","pick","Arabia",FALSE,44874,1,0,0,"Nicov"
"NefdA","TheBloodless","Nicov","HC5 Qualifier Maps Bo3","HOST","HOST","pick","Gold Rush",FALSE,71089,2,0,0,"TheBloodless"
"NefdA","TheBloodless","Nicov","HC5 Qualifier Maps Bo3","HOST","HOST","ban","Mudflow",FALSE,78049,3,0,0,"TheBloodless"
"NefdA","TheBloodless","Nicov","HC5 Qualifier Maps Bo3","GUEST","GUEST","ban","Islands",FALSE,95120,4,0,0,"Nicov"
"NefdA","TheBloodless","Nicov","HC5 Qualifier Maps Bo3","NONE","NONE","pick","Cross",FALSE,97123,3,0,1,NA
"nNmVD","Sitaux","SalzZ_classicpro","HC5 Qualifier Maps Bo5","HOST","HOST","ban","Slopes",FALSE,4296,1,1,0,"Sitaux"
"nNmVD","Sitaux","SalzZ_classicpro","HC5 Qualifier Maps Bo5","GUEST","GUEST","ban","Islands",FALSE,7083,2,1,0,"classicpro"
"nNmVD","Sitaux","SalzZ_classicpro","HC5 Qualifier Maps Bo5","GUEST","GUEST","pick","Mudflow",FALSE,24418,1,0,0,"classicpro"
"nNmVD","Sitaux","SalzZ_classicpro","HC5 Qualifier Maps Bo5","HOST","HOST","pick","Gold Rush",FALSE,27372,2,0,0,"Sitaux"
"nNmVD","Sitaux","SalzZ_classicpro","HC5 Qualifier Maps Bo5","HOST","HOST","pick","Cross",FALSE,30504,3,0,0,"Sitaux"
"nNmVD","Sitaux","SalzZ_classicpro","HC5 Qualifier Maps Bo5","GUEST","GUEST","pick","Quarry",FALSE,33187,4,0,0,"classicpro"
"nNmVD","Sitaux","SalzZ_classicpro","HC5 Qualifier Maps Bo5","NONE","NONE","pick","Arabia",FALSE,35189,5,0,1,NA
"Okdup","Ozone","Ganji","HC5 Qualifier Maps Bo5","HOST","HOST","ban","Quarry",FALSE,4608,1,1,0,"Ozone"
"Okdup","Ozone","Ganji","HC5 Qualifier Maps Bo5","GUEST","GUEST","ban","Cross",FALSE,17032,2,1,0,"Ganji"
"Okdup","Ozone","Ganji","HC5 Qualifier Maps Bo5","GUEST","GUEST","pick","Slopes",FALSE,31600,1,0,0,"Ganji"
"Okdup","Ozone","Ganji","HC5 Qualifier Maps Bo5","HOST","HOST","pick","Mudflow",FALSE,57246,2,0,0,"Ozone"
"Okdup","Ozone","Ganji","HC5 Qualifier Maps Bo5","HOST","HOST","pick","Islands",FALSE,67087,3,0,0,"Ozone"
"Okdup","Ozone","Ganji","HC5 Qualifier Maps Bo5","GUEST","GUEST","pick","Arabia",FALSE,81206,4,0,0,"Ganji"
"Okdup","Ozone","Ganji","HC5 Qualifier Maps Bo5","NONE","NONE","pick","Gold Rush",FALSE,83208,5,0,1,NA
"OlsVm","Whocl","Fox.Margougou","HC5 Qualifier Maps Bo5","HOST","HOST","ban","Islands",FALSE,2534,1,1,0,"Whocl"
"OlsVm","Whocl","Fox.Margougou","HC5 Qualifier Maps Bo5","GUEST","GUEST","ban","Arabia",FALSE,4529,2,1,0,"Margougou"
"OlsVm","Whocl","Fox.Margougou","HC5 Qualifier Maps Bo5","GUEST","GUEST","pick","Slopes",FALSE,12792,1,0,0,"Margougou"
"OlsVm","Whocl","Fox.Margougou","HC5 Qualifier Maps Bo5","HOST","HOST","pick","Mudflow",FALSE,19938,2,0,0,"Whocl"
"OlsVm","Whocl","Fox.Margougou","HC5 Qualifier Maps Bo5","HOST","HOST","pick","Gold Rush",FALSE,21520,3,0,0,"Whocl"
"OlsVm","Whocl","Fox.Margougou","HC5 Qualifier Maps Bo5","GUEST","GUEST","pick","Quarry",FALSE,25835,4,0,0,"Margougou"
"OlsVm","Whocl","Fox.Margougou","HC5 Qualifier Maps Bo5","NONE","NONE","pick","Cross",FALSE,27837,5,0,1,NA
"oQFiL","St4rk","dogao","HC5 Qualifier Maps Bo5","HOST","HOST","ban","Cross",FALSE,2775,1,1,0,"st4rk"
"oQFiL","St4rk","dogao","HC5 Qualifier Maps Bo5","GUEST","GUEST","ban","Quarry",FALSE,6366,2,1,0,"dogao"
"oQFiL","St4rk","dogao","HC5 Qualifier Maps Bo5","GUEST","GUEST","pick","Arabia",FALSE,11417,1,0,0,"dogao"
"oQFiL","St4rk","dogao","HC5 Qualifier Maps Bo5","HOST","HOST","pick","Mudflow",FALSE,18488,2,0,0,"st4rk"
"oQFiL","St4rk","dogao","HC5 Qualifier Maps Bo5","HOST","HOST","pick","Islands",FALSE,19191,3,0,0,"st4rk"
"oQFiL","St4rk","dogao","HC5 Qualifier Maps Bo5","GUEST","GUEST","pick","Gold Rush",FALSE,20139,4,0,0,"dogao"
"oQFiL","St4rk","dogao","HC5 Qualifier Maps Bo5","NONE","NONE","pick","Slopes",FALSE,22141,5,0,1,NA
"OUNvA","Villese","Fox.ciskhan","HC5 Qualifier Maps Bo5","HOST","HOST","ban","Mudflow",FALSE,3119,1,1,0,"Villese"
"OUNvA","Villese","Fox.ciskhan","HC5 Qualifier Maps Bo5","GUEST","GUEST","ban","Cross",FALSE,27232,2,1,0,"ciskhan"
"OUNvA","Villese","Fox.ciskhan","HC5 Qualifier Maps Bo5","GUEST","GUEST","pick","Quarry",FALSE,29410,1,0,0,"ciskhan"
"OUNvA","Villese","Fox.ciskhan","HC5 Qualifier Maps Bo5","HOST","HOST","pick","Islands",FALSE,33005,2,0,0,"Villese"
"OUNvA","Villese","Fox.ciskhan","HC5 Qualifier Maps Bo5","HOST","HOST","pick","Slopes",FALSE,37274,3,0,0,"Villese"
"OUNvA","Villese","Fox.ciskhan","HC5 Qualifier Maps Bo5","GUEST","GUEST","pick","Gold Rush",FALSE,43492,4,0,0,"ciskhan"
"OUNvA","Villese","Fox.ciskhan","HC5 Qualifier Maps Bo5","NONE","NONE","pick","Arabia",FALSE,45494,5,0,1,NA
"oWzom","SalzZ_Vinchester","Fox.Mihai06","HC5 Qualifier Maps Bo7","HOST","HOST","pick","Mudflow",FALSE,23144,1,0,0,"Vinchester"
"oWzom","SalzZ_Vinchester","Fox.Mihai06","HC5 Qualifier Maps Bo7","GUEST","GUEST","pick","Quarry",FALSE,30664,2,0,0,"Mihai06"
"oWzom","SalzZ_Vinchester","Fox.Mihai06","HC5 Qualifier Maps Bo7","GUEST","GUEST","pick","Slopes",FALSE,36124,3,0,0,"Mihai06"
"oWzom","SalzZ_Vinchester","Fox.Mihai06","HC5 Qualifier Maps Bo7","HOST","HOST","pick","Islands",FALSE,41036,4,0,0,"Vinchester"
"oWzom","SalzZ_Vinchester","Fox.Mihai06","HC5 Qualifier Maps Bo7","HOST","HOST","pick","Gold Rush",FALSE,51628,5,0,0,"Vinchester"
"oWzom","SalzZ_Vinchester","Fox.Mihai06","HC5 Qualifier Maps Bo7","GUEST","GUEST","pick","Cross",FALSE,63185,6,0,0,"Mihai06"
"oWzom","SalzZ_Vinchester","Fox.Mihai06","HC5 Qualifier Maps Bo7","NONE","NONE","pick","Arabia",FALSE,65189,7,0,1,NA
"oyJha","mb","Capoch","HC5 Qualifier Maps Bo5","HOST","HOST","ban","Cross",FALSE,4477,1,1,0,"MbL"
"oyJha","mb","Capoch","HC5 Qualifier Maps Bo5","GUEST","GUEST","ban","Arabia",FALSE,16938,2,1,0,"Capoch"
"oyJha","mb","Capoch","HC5 Qualifier Maps Bo5","GUEST","GUEST","pick","Mudflow",FALSE,46296,1,0,0,"Capoch"
"oyJha","mb","Capoch","HC5 Qualifier Maps Bo5","HOST","HOST","pick","Gold Rush",FALSE,50809,2,0,0,"MbL"
"oyJha","mb","Capoch","HC5 Qualifier Maps Bo5","HOST","HOST","pick","Quarry",FALSE,57701,3,0,0,"MbL"
"oyJha","mb","Capoch","HC5 Qualifier Maps Bo5","GUEST","GUEST","pick","Slopes",FALSE,77933,4,0,0,"Capoch"
"oyJha","mb","Capoch","HC5 Qualifier Maps Bo5","NONE","NONE","pick","Islands",FALSE,79935,5,0,1,NA
"PEhax","Villese","Argh","HC5 Qualifier Maps Bo3","HOST","HOST","ban","Slopes",FALSE,5497,1,1,0,"Villese"
"PEhax","Villese","Argh","HC5 Qualifier Maps Bo3","GUEST","GUEST","ban","Mudflow",FALSE,16336,2,1,0,"Argh"
"PEhax","Villese","Argh","HC5 Qualifier Maps Bo3","GUEST","GUEST","pick","Quarry",FALSE,28397,1,0,0,"Argh"
"PEhax","Villese","Argh","HC5 Qualifier Maps Bo3","HOST","HOST","pick","Cross",FALSE,35015,2,0,0,"Villese"
"PEhax","Villese","Argh","HC5 Qualifier Maps Bo3","HOST","HOST","ban","Arabia",FALSE,42165,3,0,0,"Villese"
"PEhax","Villese","Argh","HC5 Qualifier Maps Bo3","GUEST","GUEST","ban","Islands",FALSE,49429,4,0,0,"Argh"
"PEhax","Villese","Argh","HC5 Qualifier Maps Bo3","NONE","NONE","pick","Gold Rush",FALSE,51431,3,0,1,NA
"PmwwA","Ganji","Survivalist","HC5 Qualifier Maps Bo3","HOST","HOST","ban","Gold Rush",FALSE,7975,1,1,0,"Ganji"
"PmwwA","Ganji","Survivalist","HC5 Qualifier Maps Bo3","GUEST","GUEST","ban","Islands",FALSE,15875,2,1,0,"Survivalist"
"PmwwA","Ganji","Survivalist","HC5 Qualifier Maps Bo3","GUEST","GUEST","pick","Slopes",FALSE,24957,1,0,0,"Survivalist"
"PmwwA","Ganji","Survivalist","HC5 Qualifier Maps Bo3","HOST","HOST","pick","Arabia",FALSE,38484,2,0,0,"Ganji"
"PmwwA","Ganji","Survivalist","HC5 Qualifier Maps Bo3","HOST","HOST","ban","Mudflow",FALSE,50878,3,0,0,"Ganji"
"PmwwA","Ganji","Survivalist","HC5 Qualifier Maps Bo3","GUEST","GUEST","ban","Cross",FALSE,59201,4,0,0,"Survivalist"
"PmwwA","Ganji","Survivalist","HC5 Qualifier Maps Bo3","NONE","NONE","pick","Quarry",FALSE,61203,3,0,1,NA
"PoRPT","KingStone","m0re","HC5 Qualifier Maps Bo3","HOST","HOST","ban","Islands",FALSE,13244,1,1,0,"KingstoNe"
"PoRPT","KingStone","m0re","HC5 Qualifier Maps Bo3","GUEST","GUEST","ban","Arabia",FALSE,15668,2,1,0,"m0re"
"PoRPT","KingStone","m0re","HC5 Qualifier Maps Bo3","GUEST","GUEST","pick","Mudflow",FALSE,22727,1,0,0,"m0re"
"PoRPT","KingStone","m0re","HC5 Qualifier Maps Bo3","HOST","HOST","pick","Quarry",FALSE,33871,2,0,0,"KingstoNe"
"PoRPT","KingStone","m0re","HC5 Qualifier Maps Bo3","HOST","HOST","ban","Gold Rush",FALSE,44289,3,0,0,"KingstoNe"
"PoRPT","KingStone","m0re","HC5 Qualifier Maps Bo3","GUEST","GUEST","ban","Cross",FALSE,47004,4,0,0,"m0re"
"PoRPT","KingStone","m0re","HC5 Qualifier Maps Bo3","NONE","NONE","pick","Slopes",FALSE,49006,3,0,1,NA
"PQXkB","Sebastian","pleb","HC5 Qualifier Maps Bo5","HOST","HOST","ban","Quarry",FALSE,2778,1,1,0,"Sebastian2002"
"PQXkB","Sebastian","pleb","HC5 Qualifier Maps Bo5","GUEST","GUEST","ban","Arabia",FALSE,10060,2,1,0,"IAnTaGoNiStI"
"PQXkB","Sebastian","pleb","HC5 Qualifier Maps Bo5","GUEST","GUEST","pick","Mudflow",FALSE,20453,1,0,0,"IAnTaGoNiStI"
"PQXkB","Sebastian","pleb","HC5 Qualifier Maps Bo5","HOST","HOST","pick","Cross",FALSE,25672,2,0,0,"Sebastian2002"
"PQXkB","Sebastian","pleb","HC5 Qualifier Maps Bo5","HOST","HOST","pick","Slopes",FALSE,32847,3,0,0,"Sebastian2002"
"PQXkB","Sebastian","pleb","HC5 Qualifier Maps Bo5","GUEST","GUEST","pick","Gold Rush",FALSE,38975,4,0,0,"IAnTaGoNiStI"
"PQXkB","Sebastian","pleb","HC5 Qualifier Maps Bo5","NONE","NONE","pick","Islands",FALSE,40997,5,0,1,NA
"Qatot","Daniel","Barles","HC5 Qualifier Maps Bo5","HOST","HOST","ban","Islands",FALSE,1410,1,1,0,"Daniel"
"Qatot","Daniel","Barles","HC5 Qualifier Maps Bo5","GUEST","GUEST","ban","Mudflow",FALSE,7967,2,1,0,"Barles"
"Qatot","Daniel","Barles","HC5 Qualifier Maps Bo5","GUEST","GUEST","pick","Arabia",FALSE,16543,1,0,0,"Barles"
"Qatot","Daniel","Barles","HC5 Qualifier Maps Bo5","HOST","HOST","pick","Cross",FALSE,22420,2,0,0,"Daniel"
"Qatot","Daniel","Barles","HC5 Qualifier Maps Bo5","HOST","HOST","pick","Slopes",FALSE,23016,3,0,0,"Daniel"
"Qatot","Daniel","Barles","HC5 Qualifier Maps Bo5","GUEST","GUEST","pick","Quarry",FALSE,34144,4,0,0,"Barles"
"Qatot","Daniel","Barles","HC5 Qualifier Maps Bo5","NONE","NONE","pick","Gold Rush",FALSE,36146,5,0,1,NA
"qCIQA","Rubenstock","f1re","HC5 Qualifier Maps Bo3","HOST","HOST","ban","Arabia",FALSE,12722,1,1,0,"Rubenstock"
"qCIQA","Rubenstock","f1re","HC5 Qualifier Maps Bo3","GUEST","GUEST","ban","Cross",FALSE,25202,2,1,0,"F1Re"
"qCIQA","Rubenstock","f1re","HC5 Qualifier Maps Bo3","GUEST","GUEST","pick","Slopes",FALSE,37074,1,0,0,"F1Re"
"qCIQA","Rubenstock","f1re","HC5 Qualifier Maps Bo3","HOST","HOST","pick","Gold Rush",FALSE,58642,2,0,0,"Rubenstock"
"qCIQA","Rubenstock","f1re","HC5 Qualifier Maps Bo3","HOST","HOST","ban","Mudflow",FALSE,75912,3,0,0,"Rubenstock"
"qCIQA","Rubenstock","f1re","HC5 Qualifier Maps Bo3","GUEST","GUEST","ban","Quarry",FALSE,85873,4,0,0,"F1Re"
"qCIQA","Rubenstock","f1re","HC5 Qualifier Maps Bo3","NONE","NONE","pick","Islands",FALSE,87876,3,0,1,NA
"QnAso","St4rk","Emil","HC5 Qualifier Maps Bo3","HOST","HOST","ban","Mudflow",FALSE,3800,1,1,0,"st4rk"
"QnAso","St4rk","Emil","HC5 Qualifier Maps Bo3","GUEST","GUEST","ban","Quarry",FALSE,11223,2,1,0,"Emil"
"QnAso","St4rk","Emil","HC5 Qualifier Maps Bo3","GUEST","GUEST","pick","Slopes",FALSE,22812,1,0,0,"Emil"
"QnAso","St4rk","Emil","HC5 Qualifier Maps Bo3","HOST","HOST","pick","Islands",FALSE,28393,2,0,0,"st4rk"
"QnAso","St4rk","Emil","HC5 Qualifier Maps Bo3","HOST","HOST","ban","Cross",FALSE,36761,3,0,0,"st4rk"
"QnAso","St4rk","Emil","HC5 Qualifier Maps Bo3","GUEST","GUEST","ban","Gold Rush",FALSE,61747,4,0,0,"Emil"
"QnAso","St4rk","Emil","HC5 Qualifier Maps Bo3","NONE","NONE","pick","Arabia",FALSE,63751,3,0,1,NA
"QPHNi","Overtaken","Vodka","HC5 Qualifier Maps Bo3","HOST","HOST","ban","Quarry",FALSE,13209,1,1,0,"Overtaken"
"QPHNi","Overtaken","Vodka","HC5 Qualifier Maps Bo3","GUEST","GUEST","ban","Mudflow",FALSE,20057,2,1,0,"Vodka_L_"
"QPHNi","Overtaken","Vodka","HC5 Qualifier Maps Bo3","GUEST","GUEST","pick","Arabia",FALSE,27111,1,0,0,"Vodka_L_"
"QPHNi","Overtaken","Vodka","HC5 Qualifier Maps Bo3","HOST","HOST","pick","Cross",FALSE,41633,2,0,0,"Overtaken"
"QPHNi","Overtaken","Vodka","HC5 Qualifier Maps Bo3","HOST","HOST","ban","Islands",FALSE,47069,3,0,0,"Overtaken"
"QPHNi","Overtaken","Vodka","HC5 Qualifier Maps Bo3","GUEST","GUEST","ban","Slopes",FALSE,62987,4,0,0,"Vodka_L_"
"QPHNi","Overtaken","Vodka","HC5 Qualifier Maps Bo3","NONE","NONE","pick","Gold Rush",FALSE,64989,3,0,1,NA
"QSjmI","Sebastian","FreakinAndy","HC5 Qualifier Maps Bo5","HOST","HOST","ban","Quarry",FALSE,2071,1,1,0,"Sebastian2002"
"QSjmI","Sebastian","FreakinAndy","HC5 Qualifier Maps Bo5","GUEST","GUEST","ban","Arabia",FALSE,3257,2,1,0,"FreakinAndy"
"QSjmI","Sebastian","FreakinAndy","HC5 Qualifier Maps Bo5","GUEST","GUEST","pick","Cross",FALSE,11357,1,0,0,"FreakinAndy"
"QSjmI","Sebastian","FreakinAndy","HC5 Qualifier Maps Bo5","HOST","HOST","pick","Slopes",FALSE,21094,2,0,0,"Sebastian2002"
"QSjmI","Sebastian","FreakinAndy","HC5 Qualifier Maps Bo5","HOST","HOST","pick","Gold Rush",FALSE,25049,3,0,0,"Sebastian2002"
"QSjmI","Sebastian","FreakinAndy","HC5 Qualifier Maps Bo5","GUEST","GUEST","pick","Islands",FALSE,31514,4,0,0,"FreakinAndy"
"QSjmI","Sebastian","FreakinAndy","HC5 Qualifier Maps Bo5","NONE","NONE","pick","Mudflow",FALSE,33516,5,0,1,NA
"QSYNW","SalzZ_Vinchester","Ming","HC5 Qualifier Maps Bo5","HOST","HOST","ban","Islands",FALSE,2831,1,1,0,"Vinchester"
"QSYNW","SalzZ_Vinchester","Ming","HC5 Qualifier Maps Bo5","GUEST","GUEST","ban","Gold Rush",FALSE,9909,2,1,0,"Ming"
"QSYNW","SalzZ_Vinchester","Ming","HC5 Qualifier Maps Bo5","GUEST","GUEST","pick","Mudflow",FALSE,22341,1,0,0,"Ming"
"QSYNW","SalzZ_Vinchester","Ming","HC5 Qualifier Maps Bo5","HOST","HOST","pick","Slopes",FALSE,24128,2,0,0,"Vinchester"
"QSYNW","SalzZ_Vinchester","Ming","HC5 Qualifier Maps Bo5","HOST","HOST","pick","Cross",FALSE,25004,3,0,0,"Vinchester"
"QSYNW","SalzZ_Vinchester","Ming","HC5 Qualifier Maps Bo5","GUEST","GUEST","pick","Quarry",FALSE,28798,4,0,0,"Ming"
"QSYNW","SalzZ_Vinchester","Ming","HC5 Qualifier Maps Bo5","NONE","NONE","pick","Arabia",FALSE,30801,5,0,1,NA
"qtkox","Foxus.Darkius","Somerius","HC5 Qualifier Maps Bo3","HOST","HOST","ban","Quarry",FALSE,2782,1,1,0,"Dark"
"qtkox","Foxus.Darkius","Somerius","HC5 Qualifier Maps Bo3","GUEST","GUEST","ban","Arabia",FALSE,6332,2,1,0,"Somero"
"qtkox","Foxus.Darkius","Somerius","HC5 Qualifier Maps Bo3","GUEST","GUEST","pick","Cross",FALSE,16411,1,0,0,"Somero"
"qtkox","Foxus.Darkius","Somerius","HC5 Qualifier Maps Bo3","HOST","HOST","pick","Mudflow",FALSE,18089,2,0,0,"Dark"
"qtkox","Foxus.Darkius","Somerius","HC5 Qualifier Maps Bo3","HOST","HOST","ban","Gold Rush",FALSE,21852,3,0,0,"Dark"
"qtkox","Foxus.Darkius","Somerius","HC5 Qualifier Maps Bo3","GUEST","GUEST","ban","Slopes",FALSE,29559,4,0,0,"Somero"
"qtkox","Foxus.Darkius","Somerius","HC5 Qualifier Maps Bo3","NONE","NONE","pick","Islands",FALSE,31561,3,0,1,NA
"rVKFA","Fox.Margougou","Ny4","HC5 Qualifier Maps Bo3","HOST","HOST","ban","Quarry",FALSE,15260,1,1,0,"Margougou"
"rVKFA","Fox.Margougou","Ny4","HC5 Qualifier Maps Bo3","GUEST","GUEST","ban","Arabia",FALSE,20385,2,1,0,"Ny4JyN"
"rVKFA","Fox.Margougou","Ny4","HC5 Qualifier Maps Bo3","GUEST","GUEST","pick","Islands",FALSE,26604,1,0,0,"Ny4JyN"
"rVKFA","Fox.Margougou","Ny4","HC5 Qualifier Maps Bo3","HOST","HOST","pick","Mudflow",FALSE,47350,2,0,0,"Margougou"
"rVKFA","Fox.Margougou","Ny4","HC5 Qualifier Maps Bo3","HOST","HOST","ban","Gold Rush",FALSE,50662,3,0,0,"Margougou"
"rVKFA","Fox.Margougou","Ny4","HC5 Qualifier Maps Bo3","GUEST","GUEST","ban","Slopes",FALSE,61153,4,0,0,"Ny4JyN"
"rVKFA","Fox.Margougou","Ny4","HC5 Qualifier Maps Bo3","NONE","NONE","pick","Cross",FALSE,63156,3,0,1,NA
"SCYuE","miguel","[TAG] Youpudding","HC5 Qualifier Maps Bo3","HOST","HOST","ban","Quarry",FALSE,6254,1,1,0,"miguel"
"SCYuE","miguel","[TAG] Youpudding","HC5 Qualifier Maps Bo3","GUEST","GUEST","ban","Islands",FALSE,14021,2,1,0,"Youpudding"
"SCYuE","miguel","[TAG] Youpudding","HC5 Qualifier Maps Bo3","GUEST","GUEST","pick","Mudflow",FALSE,23337,1,0,0,"Youpudding"
"SCYuE","miguel","[TAG] Youpudding","HC5 Qualifier Maps Bo3","HOST","HOST","pick","Cross",FALSE,32192,2,0,0,"miguel"
"SCYuE","miguel","[TAG] Youpudding","HC5 Qualifier Maps Bo3","HOST","HOST","ban","Gold Rush",FALSE,34478,3,0,0,"miguel"
"SCYuE","miguel","[TAG] Youpudding","HC5 Qualifier Maps Bo3","GUEST","GUEST","ban","Slopes",FALSE,61364,4,0,0,"Youpudding"
"SCYuE","miguel","[TAG] Youpudding","HC5 Qualifier Maps Bo3","NONE","NONE","pick","Arabia",FALSE,63367,3,0,1,NA
"SvwQp","slam","The Illusionist","HC5 Qualifier Maps Bo3","HOST","HOST","ban","Islands",FALSE,4336,1,1,0,"slam"
"SvwQp","slam","The Illusionist","HC5 Qualifier Maps Bo3","GUEST","GUEST","ban","Arabia",FALSE,7603,2,1,0,"The Illusionist"
"SvwQp","slam","The Illusionist","HC5 Qualifier Maps Bo3","GUEST","GUEST","pick","Gold Rush",FALSE,9008,1,0,0,"The Illusionist"
"SvwQp","slam","The Illusionist","HC5 Qualifier Maps Bo3","HOST","HOST","pick","Slopes",FALSE,24632,2,0,0,"slam"
"SvwQp","slam","The Illusionist","HC5 Qualifier Maps Bo3","HOST","HOST","ban","Cross",FALSE,27305,3,0,0,"slam"
"SvwQp","slam","The Illusionist","HC5 Qualifier Maps Bo3","GUEST","GUEST","ban","Quarry",FALSE,40648,4,0,0,"The Illusionist"
"SvwQp","slam","The Illusionist","HC5 Qualifier Maps Bo3","NONE","NONE","pick","Mudflow",FALSE,42649,3,0,1,NA
"SZdQZ","Sobek","Valas","HC5 Qualifier Maps Bo5","HOST","HOST","ban","Quarry",FALSE,5121,1,1,0,"Sobek"
"SZdQZ","Sobek","Valas","HC5 Qualifier Maps Bo5","GUEST","GUEST","ban","Slopes",FALSE,9544,2,1,0,"Valas"
"SZdQZ","Sobek","Valas","HC5 Qualifier Maps Bo5","GUEST","GUEST","pick","Islands",FALSE,16923,1,0,0,"Valas"
"SZdQZ","Sobek","Valas","HC5 Qualifier Maps Bo5","HOST","HOST","pick","Mudflow",FALSE,20191,2,0,0,"Sobek"
"SZdQZ","Sobek","Valas","HC5 Qualifier Maps Bo5","HOST","HOST","pick","Cross",FALSE,21072,3,0,0,"Sobek"
"SZdQZ","Sobek","Valas","HC5 Qualifier Maps Bo5","GUEST","GUEST","pick","Gold Rush",FALSE,40142,4,0,0,"Valas"
"SZdQZ","Sobek","Valas","HC5 Qualifier Maps Bo5","NONE","NONE","pick","Arabia",FALSE,42145,5,0,1,NA
"Tjlwn","GLX_Rusher","Running","HC5 Qualifier Maps Bo3","HOST","HOST","ban","Cross",FALSE,10374,1,1,0,"Rusher"
"Tjlwn","GLX_Rusher","Running","HC5 Qualifier Maps Bo3","GUEST","GUEST","ban","Mudflow",FALSE,15029,2,1,0,"Running"
"Tjlwn","GLX_Rusher","Running","HC5 Qualifier Maps Bo3","GUEST","GUEST","pick","Quarry",FALSE,19363,1,0,0,"Running"
"Tjlwn","GLX_Rusher","Running","HC5 Qualifier Maps Bo3","HOST","HOST","pick","Gold Rush",FALSE,29431,2,0,0,"Rusher"
"Tjlwn","GLX_Rusher","Running","HC5 Qualifier Maps Bo3","HOST","HOST","ban","Islands",FALSE,38433,3,0,0,"Rusher"
"Tjlwn","GLX_Rusher","Running","HC5 Qualifier Maps Bo3","GUEST","GUEST","ban","Slopes",FALSE,40935,4,0,0,"Running"
"Tjlwn","GLX_Rusher","Running","HC5 Qualifier Maps Bo3","NONE","NONE","pick","Arabia",FALSE,42937,3,0,1,NA
"TwHli","DurDarkin","Dragonstar","HC5 Qualifier Maps Bo5","HOST","HOST","ban","Gold Rush",FALSE,19364,1,1,0,"Dark"
"TwHli","DurDarkin","Dragonstar","HC5 Qualifier Maps Bo5","GUEST","GUEST","ban","Quarry",FALSE,23220,2,1,0,"The_Dragonstar"
"TwHli","DurDarkin","Dragonstar","HC5 Qualifier Maps Bo5","GUEST","GUEST","pick","Arabia",FALSE,30003,1,0,0,"The_Dragonstar"
"TwHli","DurDarkin","Dragonstar","HC5 Qualifier Maps Bo5","HOST","HOST","pick","Slopes",FALSE,47322,2,0,0,"Dark"
"TwHli","DurDarkin","Dragonstar","HC5 Qualifier Maps Bo5","HOST","HOST","pick","Cross",FALSE,53405,3,0,0,"Dark"
"TwHli","DurDarkin","Dragonstar","HC5 Qualifier Maps Bo5","GUEST","GUEST","pick","Islands",FALSE,59273,4,0,0,"The_Dragonstar"
"TwHli","DurDarkin","Dragonstar","HC5 Qualifier Maps Bo5","NONE","NONE","pick","Mudflow",FALSE,61279,5,0,1,NA
"UGqsU","Hearttt","Kongen","HC5 Qualifier Maps Bo3","HOST","HOST","ban","Islands",FALSE,27614,1,1,0,"Hearttt"
"UGqsU","Hearttt","Kongen","HC5 Qualifier Maps Bo3","GUEST","GUEST","ban","Quarry",FALSE,33811,2,1,0,"Kongen_42"
"UGqsU","Hearttt","Kongen","HC5 Qualifier Maps Bo3","GUEST","GUEST","pick","Cross",FALSE,36565,1,0,0,"Kongen_42"
"UGqsU","Hearttt","Kongen","HC5 Qualifier Maps Bo3","HOST","HOST","pick","Arabia",FALSE,39926,2,0,0,"Hearttt"
"UGqsU","Hearttt","Kongen","HC5 Qualifier Maps Bo3","HOST","HOST","ban","Gold Rush",FALSE,49648,3,0,0,"Hearttt"
"UGqsU","Hearttt","Kongen","HC5 Qualifier Maps Bo3","GUEST","GUEST","ban","Slopes",FALSE,55886,4,0,0,"Kongen_42"
"UGqsU","Hearttt","Kongen","HC5 Qualifier Maps Bo3","NONE","NONE","pick","Mudflow",FALSE,57889,3,0,1,NA
"uMOnU","Quang Tri","Barles","HC5 Qualifier Maps Bo5","HOST","HOST","ban","Cross",FALSE,9403,1,1,0,"Thành Cổ Quảng Trị"
"uMOnU","Quang Tri","Barles","HC5 Qualifier Maps Bo5","GUEST","GUEST","ban","Islands",FALSE,18015,2,1,0,"Barles"
"uMOnU","Quang Tri","Barles","HC5 Qualifier Maps Bo5","GUEST","GUEST","pick","Gold Rush",FALSE,33478,1,0,0,"Barles"
"uMOnU","Quang Tri","Barles","HC5 Qualifier Maps Bo5","HOST","HOST","pick","Arabia",FALSE,40366,2,0,0,"Thành Cổ Quảng Trị"
"uMOnU","Quang Tri","Barles","HC5 Qualifier Maps Bo5","HOST","HOST","pick","Slopes",FALSE,48447,3,0,0,"Thành Cổ Quảng Trị"
"uMOnU","Quang Tri","Barles","HC5 Qualifier Maps Bo5","GUEST","GUEST","pick","Quarry",FALSE,50948,4,0,0,"Barles"
"uMOnU","Quang Tri","Barles","HC5 Qualifier Maps Bo5","NONE","NONE","pick","Mudflow",FALSE,52950,5,0,1,NA
"UtTxz","plp","Ozone","HC5 Qualifier Maps Bo3","HOST","HOST","ban","Arabia",FALSE,2952,1,1,0,"PLP"
"UtTxz","plp","Ozone","HC5 Qualifier Maps Bo3","GUEST","GUEST","ban","Islands",FALSE,7748,2,1,0,"Ozone"
"UtTxz","plp","Ozone","HC5 Qualifier Maps Bo3","GUEST","GUEST","pick","Slopes",FALSE,13833,1,0,0,"Ozone"
"UtTxz","plp","Ozone","HC5 Qualifier Maps Bo3","HOST","HOST","pick","Cross",FALSE,20275,2,0,0,"PLP"
"UtTxz","plp","Ozone","HC5 Qualifier Maps Bo3","HOST","HOST","ban","Gold Rush",FALSE,41721,3,0,0,"PLP"
"UtTxz","plp","Ozone","HC5 Qualifier Maps Bo3","GUEST","GUEST","ban","Quarry",FALSE,51427,4,0,0,"Ozone"
"UtTxz","plp","Ozone","HC5 Qualifier Maps Bo3","NONE","NONE","pick","Mudflow",FALSE,53430,3,0,1,NA
"vjHoI","Babaorum","Nicov","HC5 Qualifier Maps Bo5","HOST","HOST","ban","Islands",FALSE,22521,1,1,0,"Babaorum"
"vjHoI","Babaorum","Nicov","HC5 Qualifier Maps Bo5","GUEST","GUEST","ban","Quarry",FALSE,26667,2,1,0,"Nicov"
"vjHoI","Babaorum","Nicov","HC5 Qualifier Maps Bo5","GUEST","GUEST","pick","Slopes",FALSE,33617,1,0,0,"Nicov"
"vjHoI","Babaorum","Nicov","HC5 Qualifier Maps Bo5","HOST","HOST","pick","Gold Rush",FALSE,41475,2,0,0,"Babaorum"
"vjHoI","Babaorum","Nicov","HC5 Qualifier Maps Bo5","HOST","HOST","pick","Arabia",FALSE,42298,3,0,0,"Babaorum"
"vjHoI","Babaorum","Nicov","HC5 Qualifier Maps Bo5","GUEST","GUEST","pick","Cross",FALSE,45503,4,0,0,"Nicov"
"vjHoI","Babaorum","Nicov","HC5 Qualifier Maps Bo5","NONE","NONE","pick","Mudflow",FALSE,47506,5,0,1,NA
"wCRGl","daniel","Blackheart","HC5 Qualifier Maps Bo3","HOST","HOST","ban","Quarry",FALSE,5587,1,1,0,"Daniel"
"wCRGl","daniel","Blackheart","HC5 Qualifier Maps Bo3","GUEST","GUEST","ban","Mudflow",FALSE,21362,2,1,0,"Blackheart"
"wCRGl","daniel","Blackheart","HC5 Qualifier Maps Bo3","GUEST","GUEST","pick","Gold Rush",FALSE,41272,1,0,0,"Blackheart"
"wCRGl","daniel","Blackheart","HC5 Qualifier Maps Bo3","HOST","HOST","pick","Arabia",FALSE,44940,2,0,0,"Daniel"
"wCRGl","daniel","Blackheart","HC5 Qualifier Maps Bo3","HOST","HOST","ban","Islands",FALSE,45988,3,0,0,"Daniel"
"wCRGl","daniel","Blackheart","HC5 Qualifier Maps Bo3","GUEST","GUEST","ban","Cross",FALSE,49134,4,0,0,"Blackheart"
"wCRGl","daniel","Blackheart","HC5 Qualifier Maps Bo3","NONE","NONE","pick","Slopes",FALSE,51136,3,0,1,NA
"Wnetc","Vivi","Kasva","HC5 Qualifier Maps Bo5","HOST","HOST","ban","Gold Rush",FALSE,3205,1,1,0,"Vivi"
"Wnetc","Vivi","Kasva","HC5 Qualifier Maps Bo5","GUEST","GUEST","ban","Quarry",FALSE,9766,2,1,0,"Kasva"
"Wnetc","Vivi","Kasva","HC5 Qualifier Maps Bo5","GUEST","GUEST","pick","Cross",FALSE,21400,1,0,0,"Kasva"
"Wnetc","Vivi","Kasva","HC5 Qualifier Maps Bo5","HOST","HOST","pick","Islands",FALSE,27792,2,0,0,"Vivi"
"Wnetc","Vivi","Kasva","HC5 Qualifier Maps Bo5","HOST","HOST","pick","Mudflow",FALSE,46403,3,0,0,"Vivi"
"Wnetc","Vivi","Kasva","HC5 Qualifier Maps Bo5","GUEST","GUEST","pick","Slopes",FALSE,65647,4,0,0,"Kasva"
"Wnetc","Vivi","Kasva","HC5 Qualifier Maps Bo5","NONE","NONE","pick","Arabia",FALSE,67649,5,0,1,NA
"WxbzA","Pela","Capoch","HC5 Qualifier Maps Bo3","HOST","HOST","ban","Cross",FALSE,1589,1,1,0,"Pela"
"WxbzA","Pela","Capoch","HC5 Qualifier Maps Bo3","GUEST","GUEST","ban","Quarry",FALSE,16529,2,1,0,"Capoch"
"WxbzA","Pela","Capoch","HC5 Qualifier Maps Bo3","GUEST","GUEST","pick","Slopes",FALSE,32434,1,0,0,"Capoch"
"WxbzA","Pela","Capoch","HC5 Qualifier Maps Bo3","HOST","HOST","pick","Islands",FALSE,47710,2,0,0,"Pela"
"WxbzA","Pela","Capoch","HC5 Qualifier Maps Bo3","HOST","HOST","ban","Arabia",FALSE,50687,3,0,0,"Pela"
"WxbzA","Pela","Capoch","HC5 Qualifier Maps Bo3","GUEST","GUEST","ban","Gold Rush",FALSE,55520,4,0,0,"Capoch"
"WxbzA","Pela","Capoch","HC5 Qualifier Maps Bo3","NONE","NONE","pick","Mudflow",FALSE,57522,3,0,1,NA
"XFHEa","Fox.Mihai06","William Iron Arm","HC5 Qualifier Maps Bo3","HOST","HOST","ban","Gold Rush",FALSE,18990,1,1,0,"Mihai06"
"XFHEa","Fox.Mihai06","William Iron Arm","HC5 Qualifier Maps Bo3","GUEST","GUEST","ban","Cross",FALSE,24615,2,1,0,"Yinghua"
"XFHEa","Fox.Mihai06","William Iron Arm","HC5 Qualifier Maps Bo3","GUEST","GUEST","pick","Islands",FALSE,34801,1,0,0,"Yinghua"
"XFHEa","Fox.Mihai06","William Iron Arm","HC5 Qualifier Maps Bo3","HOST","HOST","pick","Quarry",FALSE,58131,2,0,0,"Mihai06"
"XFHEa","Fox.Mihai06","William Iron Arm","HC5 Qualifier Maps Bo3","HOST","HOST","ban","Mudflow",FALSE,62831,3,0,0,"Mihai06"
"XFHEa","Fox.Mihai06","William Iron Arm","HC5 Qualifier Maps Bo3","GUEST","GUEST","ban","Slopes",FALSE,69457,4,0,0,"Yinghua"
"XFHEa","Fox.Mihai06","William Iron Arm","HC5 Qualifier Maps Bo3","NONE","NONE","pick","Arabia",FALSE,71459,3,0,1,NA
"XLzKR","Lyx","LobodeLaNieve","HC5 Qualifier Maps Bo3","HOST","HOST","ban","Mudflow",FALSE,11244,1,1,0,"EMA_003"
"XLzKR","Lyx","LobodeLaNieve","HC5 Qualifier Maps Bo3","GUEST","GUEST","ban","Islands",FALSE,15920,2,1,0,"LobodeLaNieve"
"XLzKR","Lyx","LobodeLaNieve","HC5 Qualifier Maps Bo3","GUEST","GUEST","pick","Quarry",FALSE,24512,1,0,0,"LobodeLaNieve"
"XLzKR","Lyx","LobodeLaNieve","HC5 Qualifier Maps Bo3","HOST","HOST","pick","Cross",FALSE,39414,2,0,0,"EMA_003"
"XLzKR","Lyx","LobodeLaNieve","HC5 Qualifier Maps Bo3","HOST","HOST","ban","Gold Rush",FALSE,51896,3,0,0,"EMA_003"
"XLzKR","Lyx","LobodeLaNieve","HC5 Qualifier Maps Bo3","GUEST","GUEST","ban","Slopes",FALSE,62421,4,0,0,"LobodeLaNieve"
"XLzKR","Lyx","LobodeLaNieve","HC5 Qualifier Maps Bo3","NONE","NONE","pick","Arabia",FALSE,64424,3,0,1,NA
"xnAMr","KingStone","Babaorum","HC5 Qualifier Maps Bo5","HOST","HOST","ban","Arabia",FALSE,4207,1,1,0,"KingstoNe"
"xnAMr","KingStone","Babaorum","HC5 Qualifier Maps Bo5","GUEST","GUEST","ban","Islands",FALSE,6246,2,1,0,"Babaorum"
"xnAMr","KingStone","Babaorum","HC5 Qualifier Maps Bo5","GUEST","GUEST","pick","Slopes",FALSE,15930,1,0,0,"Babaorum"
"xnAMr","KingStone","Babaorum","HC5 Qualifier Maps Bo5","HOST","HOST","pick","Quarry",FALSE,28572,2,0,0,"KingstoNe"
"xnAMr","KingStone","Babaorum","HC5 Qualifier Maps Bo5","HOST","HOST","pick","Gold Rush",FALSE,29173,3,0,0,"KingstoNe"
"xnAMr","KingStone","Babaorum","HC5 Qualifier Maps Bo5","GUEST","GUEST","pick","Cross",FALSE,32924,4,0,0,"Babaorum"
"xnAMr","KingStone","Babaorum","HC5 Qualifier Maps Bo5","NONE","NONE","pick","Mudflow",FALSE,34927,5,0,1,NA
"xuJjY","GL.TaToH","sorakuma","HC5 Qualifier Maps Bo5","HOST","HOST","ban","Quarry",FALSE,10262,1,1,0,"TaToH"
"xuJjY","GL.TaToH","sorakuma","HC5 Qualifier Maps Bo5","GUEST","GUEST","ban","Cross",FALSE,22368,2,1,0,"Sora kuma"
"xuJjY","GL.TaToH","sorakuma","HC5 Qualifier Maps Bo5","GUEST","GUEST","pick","Arabia",FALSE,33368,1,0,0,"Sora kuma"
"xuJjY","GL.TaToH","sorakuma","HC5 Qualifier Maps Bo5","HOST","HOST","pick","Mudflow",FALSE,43029,2,0,0,"TaToH"
"xuJjY","GL.TaToH","sorakuma","HC5 Qualifier Maps Bo5","HOST","HOST","pick","Slopes",FALSE,64566,3,0,0,"TaToH"
"xuJjY","GL.TaToH","sorakuma","HC5 Qualifier Maps Bo5","GUEST","GUEST","pick","Gold Rush",FALSE,80163,4,0,0,"Sora kuma"
"xuJjY","GL.TaToH","sorakuma","HC5 Qualifier Maps Bo5","NONE","NONE","pick","Islands",FALSE,82166,5,0,1,NA
"ycTUL","Twigg","Gabi","HC5 Qualifier Maps Bo3","HOST","HOST","ban","Mudflow",FALSE,3199,1,1,0,"Twigg"
"ycTUL","Twigg","Gabi","HC5 Qualifier Maps Bo3","GUEST","GUEST","ban","Quarry",FALSE,14157,2,1,0,"Gabi"
"ycTUL","Twigg","Gabi","HC5 Qualifier Maps Bo3","GUEST","GUEST","pick","Slopes",FALSE,27471,1,0,0,"Gabi"
"ycTUL","Twigg","Gabi","HC5 Qualifier Maps Bo3","HOST","HOST","pick","Islands",FALSE,46923,2,0,0,"Twigg"
"ycTUL","Twigg","Gabi","HC5 Qualifier Maps Bo3","HOST","HOST","ban","Cross",FALSE,50509,3,0,0,"Twigg"
"ycTUL","Twigg","Gabi","HC5 Qualifier Maps Bo3","GUEST","GUEST","ban","Gold Rush",FALSE,60177,4,0,0,"Gabi"
"ycTUL","Twigg","Gabi","HC5 Qualifier Maps Bo3","NONE","NONE","pick","Arabia",FALSE,62181,3,0,1,NA
"yolrb","SalzZ_classicpro","Combi | Uzzi","HC5 Qualifier Maps Bo5","HOST","HOST","ban","Islands",FALSE,3271,1,1,0,"classicpro"
"yolrb","SalzZ_classicpro","Combi | Uzzi","HC5 Qualifier Maps Bo5","GUEST","GUEST","ban","Quarry",FALSE,7814,2,1,0,"Uzzi"
"yolrb","SalzZ_classicpro","Combi | Uzzi","HC5 Qualifier Maps Bo5","GUEST","GUEST","pick","Gold Rush",FALSE,17768,1,0,0,"Uzzi"
"yolrb","SalzZ_classicpro","Combi | Uzzi","HC5 Qualifier Maps Bo5","HOST","HOST","pick","Mudflow",FALSE,20653,2,0,0,"classicpro"
"yolrb","SalzZ_classicpro","Combi | Uzzi","HC5 Qualifier Maps Bo5","HOST","HOST","pick","Slopes",FALSE,28230,3,0,0,"classicpro"
"yolrb","SalzZ_classicpro","Combi | Uzzi","HC5 Qualifier Maps Bo5","GUEST","GUEST","pick","Arabia",FALSE,30551,4,0,0,"Uzzi"
"yolrb","SalzZ_classicpro","Combi | Uzzi","HC5 Qualifier Maps Bo5","NONE","NONE","pick","Cross",FALSE,32553,5,0,1,NA
"zHDQD","FreakinAndy","koala","HC5 Qualifier Maps Bo5","HOST","HOST","ban","Arabia",FALSE,1515,1,1,0,"FreakinAndy"
"zHDQD","FreakinAndy","koala","HC5 Qualifier Maps Bo5","GUEST","GUEST","ban","Cross",FALSE,5492,2,1,0,"Bad Koala"
"zHDQD","FreakinAndy","koala","HC5 Qualifier Maps Bo5","GUEST","GUEST","pick","Gold Rush",FALSE,14166,1,0,0,"Bad Koala"
"zHDQD","FreakinAndy","koala","HC5 Qualifier Maps Bo5","HOST","HOST","pick","Mudflow",FALSE,15481,2,0,0,"FreakinAndy"
"zHDQD","FreakinAndy","koala","HC5 Qualifier Maps Bo5","HOST","HOST","pick","Slopes",FALSE,36142,3,0,0,"FreakinAndy"
"zHDQD","FreakinAndy","koala","HC5 Qualifier Maps Bo5","GUEST","GUEST","pick","Quarry",FALSE,42014,4,0,0,"Bad Koala"
"zHDQD","FreakinAndy","koala","HC5 Qualifier Maps Bo5","NONE","NONE","pick","Islands",FALSE,44015,5,0,1,NA
"ZjaCv","twigg","Valas","HC5 Qualifier Maps Bo5","HOST","HOST","ban","Quarry",FALSE,6540,1,1,0,"Twigg"
"ZjaCv","twigg","Valas","HC5 Qualifier Maps Bo5","GUEST","GUEST","ban","Slopes",FALSE,8636,2,1,0,"Valas"
"ZjaCv","twigg","Valas","HC5 Qualifier Maps Bo5","GUEST","GUEST","pick","Cross",FALSE,19895,1,0,0,"Valas"
"ZjaCv","twigg","Valas","HC5 Qualifier Maps Bo5","HOST","HOST","pick","Mudflow",FALSE,25846,2,0,0,"Twigg"
"ZjaCv","twigg","Valas","HC5 Qualifier Maps Bo5","HOST","HOST","pick","Arabia",FALSE,28909,3,0,0,"Twigg"
"ZjaCv","twigg","Valas","HC5 Qualifier Maps Bo5","GUEST","GUEST","pick","Islands",FALSE,35685,4,0,0,"Valas"
"ZjaCv","twigg","Valas","HC5 Qualifier Maps Bo5","NONE","NONE","pick","Gold Rush",FALSE,37687,5,0,1,NA
