"id","Game","Player","Opponent","Map_Draft","Civ_Draft","Player_Civ","Opp_Civ","Winner","Loser","Map","Time","updated","Winning_Civ","Losing_Civ","Stage"
1,1,"TaToH","Terz","FTHZS","lpIJy","Bohemians","Mongols","TaToH","Terz","Quarry",2024-01-23 19:00:00,"2024-02-09 09:09:47","Bohemians","Mongols","Qualifier"
1,2,"TaToH","Terz","FTHZS","lpIJy","Poles","Georgians","Terz","TaToH","Gold Rush",2024-01-23 19:00:00,"2024-02-09 09:09:47","Georgians","Poles","Qualifier"
1,3,"TaToH","Terz","FTHZS","lpIJy","Hindustanis","Incas","TaToH","Terz","Slopes",2024-01-23 19:00:00,"2024-02-09 09:09:47","Hindustanis","Incas","Qualifier"
2,1,"deaKer","Sora kuma","cMdvB","lhxot","Malay","Incas","deaKer","Sora kuma","Quarry",2024-01-23 23:00:00,"2024-02-09 09:09:47","Malay","Incas","Qualifier"
2,2,"deaKer","Sora kuma","cMdvB","lhxot","Byzantines","Persians","Sora kuma","deaKer","Cross",2024-01-23 23:00:00,"2024-02-09 09:09:47","Persians","Byzantines","Qualifier"
2,3,"deaKer","Sora kuma","cMdvB","lhxot","Mongols","Bohemians","Sora kuma","deaKer","Gold Rush",2024-01-23 23:00:00,"2024-02-09 09:09:47","Bohemians","Mongols","Qualifier"
3,1,"F1Re","Rubenstock","qCIQA","HKvRH","Byzantines","Persians","F1Re","Rubenstock","Islands",2024-01-25 20:00:00,"2024-02-09 09:09:47","Byzantines","Persians","Qualifier"
3,2,"F1Re","Rubenstock","qCIQA","HKvRH","Incas","Celts","F1Re","Rubenstock","Gold Rush",2024-01-25 20:00:00,"2024-02-09 09:09:47","Incas","Celts","Qualifier"
4,1,"DracKeN","TeMo","HJiSc","isgPP","Goths","Saracens","DracKeN","TeMo","Quarry",2024-01-26 15:00:00,"2024-02-09 09:09:47","Goths","Saracens","Qualifier"
4,2,"DracKeN","TeMo","HJiSc","isgPP","Chinese","Khmer","DracKeN","TeMo","Mudflow",2024-01-26 15:00:00,"2024-02-09 09:09:47","Chinese","Khmer","Qualifier"
5,1,"Vivi","Rayz","HpIyI","GxOyP","Bohemians","Cumans","Vivi","Rayz","Quarry",2024-01-24 14:00:00,"2024-02-09 09:09:47","Bohemians","Cumans","Qualifier"
5,2,"Vivi","Rayz","HpIyI","GxOyP","Portuguese","Sicilians","Vivi","Rayz","Islands",2024-01-24 14:00:00,"2024-02-09 09:09:47","Portuguese","Sicilians","Qualifier"
6,1,"Kasva","Target331","IWqeT","cnQGV","Malians","Slavs","Kasva","Target331","Slopes",2024-01-26 11:00:00,"2024-02-09 09:09:47","Malians","Slavs","Qualifier"
6,2,"Kasva","Target331","IWqeT","cnQGV","Saracens","Armenians","Target331","Kasva","Islands",2024-01-26 11:00:00,"2024-02-09 09:09:47","Armenians","Saracens","Qualifier"
6,3,"Kasva","Target331","IWqeT","cnQGV","Malay","Persians","Kasva","Target331","Cross",2024-01-26 11:00:00,"2024-02-09 09:09:47","Malay","Persians","Qualifier"
7,1,"Hearttt","Kongen_42","UGqsU","PmmXA","Magyars","Malians","Hearttt","Kongen_42","Mudflow",2024-01-26 18:00:00,"2024-02-09 09:09:47","Magyars","Malians","Qualifier"
7,2,"Hearttt","Kongen_42","UGqsU","PmmXA","Byzantines","Japanese","Hearttt","Kongen_42","Cross",2024-01-26 18:00:00,"2024-02-09 09:09:47","Byzantines","Japanese","Qualifier"
8,1,"Dr.Kozmonot","gkt_cloud","GMcUq","rPpOP","Hindustanis","Incas","Dr.Kozmonot","gkt_cloud","Arabia",2024-01-26 16:00:00,"2024-02-09 09:09:47","Hindustanis","Incas","Qualifier"
8,2,"Dr.Kozmonot","gkt_cloud","GMcUq","rPpOP","Magyars","Romans","Dr.Kozmonot","gkt_cloud","Mudflow",2024-01-26 16:00:00,"2024-02-09 09:09:47","Magyars","Romans","Qualifier"
9,1,"TaToH","Sora kuma","xuJjY","CuZfP","Byzantines","Armenians","TaToH","Sora kuma","Islands",2024-01-31 12:00:00,"2024-02-09 09:09:47","Byzantines","Armenians","Qualifier"
9,2,"TaToH","Sora kuma","xuJjY","CuZfP","Hindustanis","Persians","TaToH","Sora kuma","Arabia",2024-01-31 12:00:00,"2024-02-09 09:09:47","Hindustanis","Persians","Qualifier"
9,3,"TaToH","Sora kuma","xuJjY","CuZfP","Chinese","Chinese","TaToH","Sora kuma","Mudflow",2024-01-31 12:00:00,"2024-02-09 09:09:47","Chinese","Chinese","Qualifier"
10,1,"F1Re","DracKeN","ckJPr","NkkTE","Chinese","Franks","F1Re","DracKeN","Mudflow",2024-01-30 20:00:30,"2024-02-09 09:09:47","Chinese","Franks","Qualifier"
10,2,"F1Re","DracKeN","ckJPr","NkkTE","Italians","Dravidians","F1Re","DracKeN","Islands",2024-01-30 20:00:30,"2024-02-09 09:09:47","Italians","Dravidians","Qualifier"
10,3,"F1Re","DracKeN","ckJPr","NkkTE","Georgians","Cumans","DracKeN","F1Re","Gold Rush",2024-01-30 20:00:30,"2024-02-09 09:09:47","Cumans","Georgians","Qualifier"
10,4,"F1Re","DracKeN","ckJPr","NkkTE","Incas","Chinese","F1Re","DracKeN","Arabia",2024-01-30 20:00:30,"2024-02-09 09:09:47","Incas","Chinese","Qualifier"
11,1,"Vivi","Kasva","Wnetc","rjTws","Hindustanis","Mayans","Vivi","Kasva","Arabia",2024-01-30 14:00:20,"2024-02-09 09:09:47","Hindustanis","Mayans","Qualifier"
11,2,"Vivi","Kasva","Wnetc","rjTws","Magyars","Chinese","Kasva","Vivi","Mudflow",2024-01-30 14:00:20,"2024-02-09 09:09:47","Chinese","Magyars","Qualifier"
11,3,"Vivi","Kasva","Wnetc","rjTws","Japanese","Malians","Vivi","Kasva","Cross",2024-01-30 14:00:20,"2024-02-09 09:09:47","Japanese","Malians","Qualifier"
11,4,"Vivi","Kasva","Wnetc","rjTws","Slavs","Lithuanians","Vivi","Kasva","Slopes",2024-01-30 14:00:20,"2024-02-09 09:09:47","Slavs","Lithuanians","Qualifier"
12,1,"Hearttt","Dr.Kozmonot","kZVUF","oaKOu","Malay","Georgians","Hearttt","Dr.Kozmonot","Quarry",2024-01-31 19:00:00,"2024-02-09 09:09:47","Malay","Georgians","Qualifier"
12,2,"Hearttt","Dr.Kozmonot","kZVUF","oaKOu","Byzantines","Malians","Hearttt","Dr.Kozmonot","Cross",2024-01-31 19:00:00,"2024-02-09 09:09:47","Byzantines","Malians","Qualifier"
12,3,"Hearttt","Dr.Kozmonot","kZVUF","oaKOu","Berbers","Incas","Hearttt","Dr.Kozmonot","Slopes",2024-01-31 19:00:00,"2024-02-09 09:09:47","Berbers","Incas","Qualifier"
13,1,"TaToH","F1Re","EqUTG","wOiWr","Mongols","Magyars","TaToH","F1Re","Slopes",2024-02-05 14:00:30,"2024-02-09 09:09:47","Mongols","Magyars","Qualifier"
13,2,"TaToH","F1Re","EqUTG","wOiWr","Japanese","Persians","TaToH","F1Re","Cross",2024-02-05 14:00:30,"2024-02-09 09:09:47","Japanese","Persians","Qualifier"
13,3,"TaToH","F1Re","EqUTG","wOiWr","Hindustanis","Malians","TaToH","F1Re","Arabia",2024-02-05 14:00:30,"2024-02-09 09:09:47","Hindustanis","Malians","Qualifier"
14,1,"Vivi","Hearttt","LNiKT","pyJPE","Bohemians","Hindustanis","Hearttt","Vivi","Slopes",2024-02-05 15:00:00,"2024-02-09 09:09:47","Hindustanis","Bohemians","Qualifier"
14,2,"Vivi","Hearttt","LNiKT","pyJPE","Georgians","Malay","Hearttt","Vivi","Gold Rush",2024-02-05 15:00:00,"2024-02-09 09:09:47","Malay","Georgians","Qualifier"
14,3,"Vivi","Hearttt","LNiKT","pyJPE","Teutons","Franks","Hearttt","Vivi","Mudflow",2024-02-05 15:00:00,"2024-02-09 09:09:47","Franks","Teutons","Qualifier"
15,NA,"TaToH","Hearttt",NA,NA,NA,NA,NA,NA,NA,2024-02-10 14:00:00,"2024-02-09 09:09:47",NA,NA,"Qualifier"
16,1,"Vinchester","CHELOOO","hibZQ","vAaTj","Romans","Mongols","Vinchester","CHELOOO","Arabia",2024-01-22 14:00:00,"2024-02-09 09:09:47","Romans","Mongols","Qualifier"
16,2,"Vinchester","CHELOOO","hibZQ","vAaTj","Armenians","Armenians","Vinchester","CHELOOO","Islands",2024-01-22 14:00:00,"2024-02-09 09:09:47","Armenians","Armenians","Qualifier"
17,1,"Nahuel05","Ming","mqrcD","zlHrS","Mongols","Romans","Ming","Nahuel05","Arabia",2024-01-26 15:00:00,"2024-02-09 09:09:47","Romans","Mongols","Qualifier"
17,2,"Nahuel05","Ming","mqrcD","zlHrS","Japanese","Georgians","Ming","Nahuel05","Mudflow",2024-01-26 15:00:00,"2024-02-09 09:09:47","Georgians","Japanese","Qualifier"
18,1,"Dark","Somero","qtkox","biGJQ","Dravidians","Italians","Dark","Somero","Islands",2024-01-22 18:00:00,"2024-02-09 09:09:47","Dravidians","Italians","Qualifier"
18,2,"Dark","Somero","qtkox","biGJQ","Japanese","Byzantines","Dark","Somero","Cross",2024-01-22 18:00:00,"2024-02-09 09:09:47","Japanese","Byzantines","Qualifier"
19,1,"The_Dragonstar","Dratek","LRxwV","JZOjp","Japanese","Lithuanians","The_Dragonstar","Dratek","Cross",2024-01-26 17:00:00,"2024-02-09 09:09:47","Japanese","Lithuanians","Qualifier"
19,2,"The_Dragonstar","Dratek","LRxwV","JZOjp","Persians","Italians","Dratek","The_Dragonstar","Islands",2024-01-26 17:00:00,"2024-02-09 09:09:47","Italians","Persians","Qualifier"
19,3,"The_Dragonstar","Dratek","LRxwV","JZOjp","Khmer","Hindustanis","The_Dragonstar","Dratek","Mudflow",2024-01-26 17:00:00,"2024-02-09 09:09:47","Khmer","Hindustanis","Qualifier"
20,1,"Margougou","Ny4JyN","rVKFA","mxXUY","Japanese","Lithuanians","Ny4JyN","Margougou","Cross",2024-01-23 15:00:00,"2024-02-09 09:09:47","Lithuanians","Japanese","Qualifier"
20,2,"Margougou","Ny4JyN","rVKFA","mxXUY","Khmer","Georgians","Margougou","Ny4JyN","Mudflow",2024-01-23 15:00:00,"2024-02-09 09:09:47","Khmer","Georgians","Qualifier"
20,3,"Margougou","Ny4JyN","rVKFA","mxXUY","Armenians","Vikings","Margougou","Ny4JyN","Islands",2024-01-23 15:00:00,"2024-02-09 09:09:47","Armenians","Vikings","Qualifier"
21,1,"Whocl","Monoz","lPTsd","ARTgb","Chinese","Georgians","Whocl","Monoz","Mudflow",NA,"2024-02-09 09:09:47","Chinese","Georgians","Qualifier"
21,2,"Whocl","Monoz","lPTsd","ARTgb","Armenians","Malians","Whocl","Monoz","Cross",NA,"2024-02-09 09:09:47","Armenians","Malians","Qualifier"
22,1,"Mihai06","Yinghua","XFHEa","wxViN","Mayans","Malians","Mihai06","Yinghua","Arabia",2024-01-23 13:00:00,"2024-02-09 09:09:47","Mayans","Malians","Qualifier"
22,2,"Mihai06","Yinghua","XFHEa","wxViN","Armenians","Bengalis","Mihai06","Yinghua","Islands",2024-01-23 13:00:00,"2024-02-09 09:09:47","Armenians","Bengalis","Qualifier"
23,1,"Overtaken","Vodka_L_","QPHNi","etXBS","Hindustanis","Khmer","Overtaken","Vodka_L_","Gold Rush",2024-01-23 17:00:00,"2024-02-09 09:09:47","Hindustanis","Khmer","Qualifier"
23,2,"Overtaken","Vodka_L_","QPHNi","etXBS","Incas","Chinese","Overtaken","Vodka_L_","Arabia",2024-01-23 17:00:00,"2024-02-09 09:09:47","Incas","Chinese","Qualifier"
24,1,"Vinchester","Ming","QSYNW","YICCH","Magyars","Incas","Vinchester","Ming","Arabia",2024-01-31 13:00:00,"2024-02-09 09:09:47","Magyars","Incas","Qualifier"
24,2,"Vinchester","Ming","QSYNW","YICCH","Malians","Teutons","Vinchester","Ming","Quarry",2024-01-31 13:00:00,"2024-02-09 09:09:47","Malians","Teutons","Qualifier"
24,3,"Vinchester","Ming","QSYNW","YICCH","Byzantines","Japanese","Vinchester","Ming","Cross",2024-01-31 13:00:00,"2024-02-09 09:09:47","Byzantines","Japanese","Qualifier"
25,1,"Dark","The_Dragonstar","TwHli","dvTqn","Franks","Persians","Dark","The_Dragonstar","Mudflow",2024-01-30 15:00:20,"2024-02-09 09:09:47","Franks","Persians","Qualifier"
25,2,"Dark","The_Dragonstar","TwHli","dvTqn","Incas","Magyars","Dark","The_Dragonstar","Arabia",2024-01-30 15:00:20,"2024-02-09 09:09:47","Incas","Magyars","Qualifier"
25,3,"Dark","The_Dragonstar","TwHli","dvTqn","Italians","Portuguese","The_Dragonstar","Dark","Islands",2024-01-30 15:00:20,"2024-02-09 09:09:47","Portuguese","Italians","Qualifier"
25,4,"Dark","The_Dragonstar","TwHli","dvTqn","Huns","Slavs","The_Dragonstar","Dark","Slopes",2024-01-30 15:00:20,"2024-02-09 09:09:47","Slavs","Huns","Qualifier"
25,5,"Dark","The_Dragonstar","TwHli","dvTqn","Malians","Byzantines","Dark","The_Dragonstar","Cross",2024-01-30 15:00:20,"2024-02-09 09:09:47","Malians","Byzantines","Qualifier"
26,1,"Margougou","Whocl","OlsVm","Fydwv","Byzantines","Malians","Margougou","Whocl","Cross",2024-02-01 16:00:00,"2024-02-09 09:09:47","Byzantines","Malians","Qualifier"
26,2,"Margougou","Whocl","OlsVm","Fydwv","Portuguese","Bohemians","Margougou","Whocl","Quarry",2024-02-01 16:00:00,"2024-02-09 09:09:47","Portuguese","Bohemians","Qualifier"
26,3,"Margougou","Whocl","OlsVm","Fydwv","Chinese","Chinese","Margougou","Whocl","Mudflow",2024-02-01 16:00:00,"2024-02-09 09:09:47","Chinese","Chinese","Qualifier"
27,1,"Mihai06","Overtaken","FErEx","zHzbM","Georgians","Bohemians","Overtaken","Mihai06","Gold Rush",2024-01-27 15:00:00,"2024-02-09 09:09:47","Bohemians","Georgians","Qualifier"
27,2,"Mihai06","Overtaken","FErEx","zHzbM","Italians","Vikings","Mihai06","Overtaken","Islands",2024-01-27 15:00:00,"2024-02-09 09:09:47","Italians","Vikings","Qualifier"
27,3,"Mihai06","Overtaken","FErEx","zHzbM","Japanese","Malians","Mihai06","Overtaken","Cross",2024-01-27 15:00:00,"2024-02-09 09:09:47","Japanese","Malians","Qualifier"
27,4,"Mihai06","Overtaken","FErEx","zHzbM","Franks","Saracens","Mihai06","Overtaken","Slopes",2024-01-27 15:00:00,"2024-02-09 09:09:47","Franks","Saracens","Qualifier"
28,1,"Vinchester","Dark","FnnXz","CPNhW","Incas","Slavs","Vinchester","Dark","Arabia",2024-02-05 13:00:00,"2024-02-09 09:09:47","Incas","Slavs","Qualifier"
28,2,"Vinchester","Dark","FnnXz","CPNhW","Armenians","Vikings","Vinchester","Dark","Islands",2024-02-05 13:00:00,"2024-02-09 09:09:47","Armenians","Vikings","Qualifier"
28,3,"Vinchester","Dark","FnnXz","CPNhW","Huns","Japanese","Vinchester","Dark","Cross",2024-02-05 13:00:00,"2024-02-09 09:09:47","Huns","Japanese","Qualifier"
29,1,"Margougou","Mihai06","kWKqg","bQGzi","Malay","Bengalis","Mihai06","Margougou","Quarry",2024-02-06 14:00:00,"2024-02-09 09:09:47","Bengalis","Malay","Qualifier"
29,2,"Margougou","Mihai06","kWKqg","bQGzi","Hindustanis","Georgians","Margougou","Mihai06","Gold Rush",2024-02-06 14:00:00,"2024-02-09 09:09:47","Hindustanis","Georgians","Qualifier"
29,3,"Margougou","Mihai06","kWKqg","bQGzi","Vikings","Armenians","Mihai06","Margougou","Islands",2024-02-06 14:00:00,"2024-02-09 09:09:47","Armenians","Vikings","Qualifier"
29,4,"Margougou","Mihai06","kWKqg","bQGzi","Byzantines","Franks","Mihai06","Margougou","Slopes",2024-02-06 14:00:00,"2024-02-09 09:09:47","Franks","Byzantines","Qualifier"
30,1,"Vinchester","Mihai06","oWzom","EeXBh","Tatars","Incas",NA,NA,"Arabia",2024-02-09 14:00:10,"2024-02-09 09:09:47",NA,NA,"Qualifier"
31,1,"Barles","Mr L'amore","AYLdp","ypAvl","Bohemians","Georgians","Barles","Mr L'amore","Gold Rush",2024-01-24 19:00:00,"2024-02-09 09:09:47","Bohemians","Georgians","Qualifier"
31,2,"Barles","Mr L'amore","AYLdp","ypAvl","Malay","Japanese","Barles","Mr L'amore","Cross",2024-01-24 19:00:00,"2024-02-09 09:09:47","Malay","Japanese","Qualifier"
32,1,"Tomate","Thành Cổ Quảng Trị","EWiUX","NCQxY","Gurjaras","Franks","Thành Cổ Quảng Trị","Tomate","Slopes",2024-01-24 17:00:00,"2024-02-09 09:09:47","Franks","Gurjaras","Qualifier"
32,2,"Tomate","Thành Cổ Quảng Trị","EWiUX","NCQxY","Byzantines","Malians","Thành Cổ Quảng Trị","Tomate","Cross",2024-01-24 17:00:00,"2024-02-09 09:09:47","Malians","Byzantines","Qualifier"
33,1,"Daniel","Blackheart","wCRGl","CDQJQ","Magyars","Vietnamese","Daniel","Blackheart","Slopes",2024-01-21 13:00:30,"2024-02-09 09:09:47","Magyars","Vietnamese","Qualifier"
33,2,"Daniel","Blackheart","wCRGl","CDQJQ","Khmer","Portuguese","Daniel","Blackheart","Gold Rush",2024-01-21 13:00:30,"2024-02-09 09:09:47","Khmer","Portuguese","Qualifier"
34,1,"slam","The Illusionist","SvwQp","PFqbZ","Khmer","Chinese","slam","The Illusionist","Mudflow",2024-01-25 19:00:00,"2024-02-09 09:09:47","Khmer","Chinese","Qualifier"
34,2,"slam","The Illusionist","SvwQp","PFqbZ","Gurjaras","Georgians","slam","The Illusionist","Gold Rush",2024-01-25 19:00:00,"2024-02-09 09:09:47","Gurjaras","Georgians","Qualifier"
35,1,"dogao","Lewis333","BDAJM","WoJKJ","Chinese","Teutons","dogao","Lewis333","Mudflow",2024-01-26 21:00:00,"2024-02-09 09:09:47","Chinese","Teutons","Qualifier"
35,2,"dogao","Lewis333","BDAJM","WoJKJ","Hindustanis","Persians","dogao","Lewis333","Gold Rush",2024-01-26 21:00:00,"2024-02-09 09:09:47","Hindustanis","Persians","Qualifier"
36,1,"Biry","Andre_2i","jjuJr","IcLUO","Romans","Saracens","Andre_2i","Biry","Slopes",2024-01-24 19:00:00,"2024-02-09 09:09:47","Saracens","Romans","Qualifier"
36,2,"Biry","Andre_2i","jjuJr","IcLUO","Goths","Armenians","Andre_2i","Biry","Mudflow",2024-01-24 19:00:00,"2024-02-09 09:09:47","Armenians","Goths","Qualifier"
37,1,"Running","Rusher","Tjlwn","LPaIu","Persians","Gurjaras","Running","Rusher","Arabia",2024-01-26 20:00:00,"2024-02-09 09:09:47","Persians","Gurjaras","Qualifier"
37,2,"Running","Rusher","Tjlwn","LPaIu","Mongols","Goths","Running","Rusher","Quarry",2024-01-26 20:00:00,"2024-02-09 09:09:47","Mongols","Goths","Qualifier"
38,1,"st4rk","Emil","QnAso","efnBY","Vietnamese","Portuguese","st4rk","Emil","Arabia",2024-01-23 15:00:00,"2024-02-09 09:09:47","Vietnamese","Portuguese","Qualifier"
38,2,"st4rk","Emil","QnAso","efnBY","Byzantines","Mongols","Emil","st4rk","Slopes",2024-01-23 15:00:00,"2024-02-09 09:09:47","Mongols","Byzantines","Qualifier"
38,3,"st4rk","Emil","QnAso","efnBY","Italians","Malians","st4rk","Emil","Islands",2024-01-23 15:00:00,"2024-02-09 09:09:47","Italians","Malians","Qualifier"
39,1,"Barles","Thành Cổ Quảng Trị","uMOnU","lPHgP","Franks","Khmer","Thành Cổ Quảng Trị","Barles","Mudflow",2024-01-28 14:00:00,"2024-02-09 09:09:47","Khmer","Franks","Qualifier"
39,2,"Barles","Thành Cổ Quảng Trị","uMOnU","lPHgP","Burgundians","Berbers","Barles","Thành Cổ Quảng Trị","Gold Rush",2024-01-28 14:00:00,"2024-02-09 09:09:47","Burgundians","Berbers","Qualifier"
39,3,"Barles","Thành Cổ Quảng Trị","uMOnU","lPHgP","Portuguese","Vietnamese","Barles","Thành Cổ Quảng Trị","Arabia",2024-01-28 14:00:00,"2024-02-09 09:09:47","Portuguese","Vietnamese","Qualifier"
39,4,"Barles","Thành Cổ Quảng Trị","uMOnU","lPHgP","Magyars","Hindustanis","Barles","Thành Cổ Quảng Trị","Slopes",2024-01-28 14:00:00,"2024-02-09 09:09:47","Magyars","Hindustanis","Qualifier"
40,1,"Daniel","slam","bMJxd","uLWvz","Persians","Franks","slam","Daniel","Arabia",2024-01-27 18:00:15,"2024-02-09 09:09:47","Franks","Persians","Qualifier"
40,2,"Daniel","slam","bMJxd","uLWvz","Romans","Koreans","Daniel","slam","Mudflow",2024-01-27 18:00:15,"2024-02-09 09:09:47","Romans","Koreans","Qualifier"
40,3,"Daniel","slam","bMJxd","uLWvz","Bohemians","Malians","Daniel","slam","Quarry",2024-01-27 18:00:15,"2024-02-09 09:09:47","Bohemians","Malians","Qualifier"
40,4,"Daniel","slam","bMJxd","uLWvz","Khmer","Bohemians","Daniel","slam","Gold Rush",2024-01-27 18:00:15,"2024-02-09 09:09:47","Khmer","Bohemians","Qualifier"
41,1,"dogao","Andre_2i","LBNtS","LwiUU","Italians","Portuguese","dogao","Andre_2i","Islands",2024-01-30 17:00:00,"2024-02-09 09:09:47","Italians","Portuguese","Qualifier"
41,2,"dogao","Andre_2i","LBNtS","LwiUU","Byzantines","Berbers","dogao","Andre_2i","Slopes",2024-01-30 17:00:00,"2024-02-09 09:09:47","Byzantines","Berbers","Qualifier"
41,3,"dogao","Andre_2i","LBNtS","LwiUU","Vietnamese","Khmer","dogao","Andre_2i","Arabia",2024-01-30 17:00:00,"2024-02-09 09:09:47","Vietnamese","Khmer","Qualifier"
42,1,"Running","st4rk","mTQjl","tTlCU","Mongols","Vietnamese","st4rk","Running","Arabia",2024-01-29 20:00:00,"2024-02-09 09:09:47","Vietnamese","Mongols","Qualifier"
42,2,"Running","st4rk","mTQjl","tTlCU","Georgians","Hindustanis","st4rk","Running","Gold Rush",2024-01-29 20:00:00,"2024-02-09 09:09:47","Hindustanis","Georgians","Qualifier"
42,3,"Running","st4rk","mTQjl","tTlCU","Japanese","Romans","st4rk","Running","Mudflow",2024-01-29 20:00:00,"2024-02-09 09:09:47","Romans","Japanese","Qualifier"
43,1,"Barles","Daniel","Qatot","jWuhu","Georgians","Malians","Daniel","Barles","Gold Rush",2024-02-04 15:00:00,"2024-02-09 09:09:47","Malians","Georgians","Qualifier"
43,2,"Barles","Daniel","Qatot","jWuhu","Spanish","Malay","Barles","Daniel","Quarry",2024-02-04 15:00:00,"2024-02-09 09:09:47","Spanish","Malay","Qualifier"
43,3,"Barles","Daniel","Qatot","jWuhu","Byzantines","Persians","Barles","Daniel","Cross",2024-02-04 15:00:00,"2024-02-09 09:09:47","Byzantines","Persians","Qualifier"
43,4,"Barles","Daniel","Qatot","jWuhu","Magyars","Hindustanis","Barles","Daniel","Slopes",2024-02-04 15:00:00,"2024-02-09 09:09:47","Magyars","Hindustanis","Qualifier"
44,1,"dogao","st4rk","oQFiL","pnlZQ","Portuguese","Vietnamese","dogao","st4rk","Slopes",2024-02-03 18:00:00,"2024-02-09 09:09:47","Portuguese","Vietnamese","Qualifier"
44,2,"dogao","st4rk","oQFiL","pnlZQ","Persians","Hindustanis","st4rk","dogao","Gold Rush",2024-02-03 18:00:00,"2024-02-09 09:09:47","Hindustanis","Persians","Qualifier"
44,3,"dogao","st4rk","oQFiL","pnlZQ","Incas","Mayans","dogao","st4rk","Arabia",2024-02-03 18:00:00,"2024-02-09 09:09:47","Incas","Mayans","Qualifier"
44,4,"dogao","st4rk","oQFiL","pnlZQ","Dravidians","Byzantines","st4rk","dogao","Islands",2024-02-03 18:00:00,"2024-02-09 09:09:47","Byzantines","Dravidians","Qualifier"
44,5,"dogao","st4rk","oQFiL","pnlZQ","Chinese","Chinese","st4rk","dogao","Mudflow",2024-02-03 18:00:00,"2024-02-09 09:09:47","Chinese","Chinese","Qualifier"
45,NA,"Barles","st4rk",NA,NA,NA,NA,NA,NA,NA,2024-02-10 17:00:00,"2024-02-09 09:09:47",NA,NA,"Qualifier"
46,1,"Villese","Argh","PEhax","LjLfG","Saracens","Poles","Villese","Argh","Gold Rush",2024-01-26 15:00:00,"2024-02-09 09:09:47","Saracens","Poles","Qualifier"
46,2,"Villese","Argh","PEhax","LjLfG","Malay","Britons","Villese","Argh","Quarry",2024-01-26 15:00:00,"2024-02-09 09:09:47","Malay","Britons","Qualifier"
47,1,"ciskhan","z40","atkIe","DniYO","Persians","Italians","ciskhan","z40","Arabia",2024-01-24 12:00:00,"2024-02-09 09:09:47","Persians","Italians","Qualifier"
47,2,"ciskhan","z40","atkIe","DniYO","Malians","Franks","ciskhan","z40","Mudflow",2024-01-24 12:00:00,"2024-02-09 09:09:47","Malians","Franks","Qualifier"
48,1,"Ganji","Survivalist","PmwwA","ErdiW","Malay","Turks","Ganji","Survivalist","Quarry",2024-01-25 12:00:00,"2024-02-09 09:09:47","Malay","Turks","Qualifier"
48,2,"Ganji","Survivalist","PmwwA","ErdiW","Franks","Byzantines","Ganji","Survivalist","Slopes",2024-01-25 12:00:00,"2024-02-09 09:09:47","Franks","Byzantines","Qualifier"
49,1,"Ozone","PLP","UtTxz","NioIq","Hindustanis","Poles","Ozone","PLP","Mudflow",2024-01-24 20:00:00,"2024-02-09 09:09:47","Hindustanis","Poles","Qualifier"
49,2,"Ozone","PLP","UtTxz","NioIq","Byzantines","Byzantines","Ozone","PLP","Cross",2024-01-24 20:00:00,"2024-02-09 09:09:47","Byzantines","Byzantines","Qualifier"
50,1,"MbL","Matze","EsJxC","hOSCu","Franks","Portuguese","MbL","Matze","Mudflow",2024-01-26 19:00:00,"2024-02-09 09:09:47","Franks","Portuguese","Qualifier"
50,2,"MbL","Matze","EsJxC","hOSCu","Cumans","Mongols","MbL","Matze","Quarry",2024-01-26 19:00:00,"2024-02-09 09:09:47","Cumans","Mongols","Qualifier"
51,1,"El_Matador","TheMax","arFKI","BnOqM","Hindustanis","Khmer","TheMax","El_Matador","Gold Rush",2024-01-24 16:00:00,"2024-02-09 09:09:47","Khmer","Hindustanis","Qualifier"
51,2,"El_Matador","TheMax","arFKI","BnOqM","Mongols","Chinese","El_Matador","TheMax","Slopes",2024-01-24 16:00:00,"2024-02-09 09:09:47","Mongols","Chinese","Qualifier"
51,3,"El_Matador","TheMax","arFKI","BnOqM","Armenians","Persians","TheMax","El_Matador","Cross",2024-01-24 16:00:00,"2024-02-09 09:09:47","Persians","Armenians","Qualifier"
52,1,"Capoch","Pela","WxbzA","rtPEY","Magyars","Khmer","Capoch","Pela","Mudflow",2024-01-26 17:00:30,"2024-02-09 09:09:47","Magyars","Khmer","Qualifier"
52,2,"Capoch","Pela","WxbzA","rtPEY","Italians","Dravidians","Capoch","Pela","Islands",2024-01-26 17:00:30,"2024-02-09 09:09:47","Italians","Dravidians","Qualifier"
53,1,"Jibatong","Nezzar","MiWEG","bxGEX","Gurjaras","Persians","Jibatong","Nezzar","Arabia",2024-01-26 16:00:00,"2024-02-09 09:09:47","Gurjaras","Persians","Qualifier"
53,2,"Jibatong","Nezzar","MiWEG","bxGEX","Georgians","Romans","Jibatong","Nezzar","Mudflow",2024-01-26 16:00:00,"2024-02-09 09:09:47","Georgians","Romans","Qualifier"
54,1,"Villese","ciskhan","OUNvA","hlfAM","Incas","Lithuanians","ciskhan","Villese","Arabia",2024-01-29 15:00:00,"2024-02-09 09:09:47","Lithuanians","Incas","Qualifier"
54,2,"Villese","ciskhan","OUNvA","hlfAM","Malay","Saracens","Villese","ciskhan","Islands",2024-01-29 15:00:00,"2024-02-09 09:09:47","Malay","Saracens","Qualifier"
54,3,"Villese","ciskhan","OUNvA","hlfAM","Bengalis","Britons","Villese","ciskhan","Quarry",2024-01-29 15:00:00,"2024-02-09 09:09:47","Bengalis","Britons","Qualifier"
54,4,"Villese","ciskhan","OUNvA","hlfAM","Portuguese","Bohemians","Villese","ciskhan","Gold Rush",2024-01-29 15:00:00,"2024-02-09 09:09:47","Portuguese","Bohemians","Qualifier"
55,1,"Ganji","Ozone","Okdup","DAImp","Bohemians","Hindustanis","Ganji","Ozone","Gold Rush",2024-01-31 19:00:00,"2024-02-09 09:09:47","Bohemians","Hindustanis","Qualifier"
55,2,"Ganji","Ozone","Okdup","DAImp","Khmer","Japanese","Ozone","Ganji","Mudflow",2024-01-31 19:00:00,"2024-02-09 09:09:47","Japanese","Khmer","Qualifier"
55,3,"Ganji","Ozone","Okdup","DAImp","Dravidians","Italians","Ganji","Ozone","Islands",2024-01-31 19:00:00,"2024-02-09 09:09:47","Dravidians","Italians","Qualifier"
55,4,"Ganji","Ozone","Okdup","DAImp","Portuguese","Saracens","Ganji","Ozone","Slopes",2024-01-31 19:00:00,"2024-02-09 09:09:47","Portuguese","Saracens","Qualifier"
56,1,"MbL","TheMax","GRoRM","BmiHK","Portuguese","Hindustanis","MbL","TheMax","Gold Rush",2024-01-28 15:00:00,"2024-02-09 09:09:47","Portuguese","Hindustanis","Qualifier"
56,2,"MbL","TheMax","GRoRM","BmiHK","Persians","Persians","MbL","TheMax","Cross",2024-01-28 15:00:00,"2024-02-09 09:09:47","Persians","Persians","Qualifier"
56,3,"MbL","TheMax","GRoRM","BmiHK","Malay","Bohemians","MbL","TheMax","Quarry",2024-01-28 15:00:00,"2024-02-09 09:09:47","Malay","Bohemians","Qualifier"
57,1,"Capoch","Jibatong","iZnLB","YWbzB","Portuguese","Spanish","Capoch","Jibatong","Gold Rush",2024-01-30 15:00:10,"2024-02-09 09:09:47","Portuguese","Spanish","Qualifier"
57,2,"Capoch","Jibatong","iZnLB","YWbzB","Chinese","Chinese","Capoch","Jibatong","Mudflow",2024-01-30 15:00:10,"2024-02-09 09:09:47","Chinese","Chinese","Qualifier"
57,3,"Capoch","Jibatong","iZnLB","YWbzB","Malay","Slavs","Capoch","Jibatong","Slopes",2024-01-30 15:00:10,"2024-02-09 09:09:47","Malay","Slavs","Qualifier"
58,1,"Villese","Ganji","fKKWA","UUhIc","Italians","Dravidians","Ganji","Villese","Islands",2024-02-03 15:00:00,"2024-02-09 09:09:47","Dravidians","Italians","Qualifier"
58,2,"Villese","Ganji","fKKWA","UUhIc","Saracens","Hindustanis","Villese","Ganji","Arabia",2024-02-03 15:00:00,"2024-02-09 09:09:47","Saracens","Hindustanis","Qualifier"
58,3,"Villese","Ganji","fKKWA","UUhIc","Georgians","Cumans","Villese","Ganji","Gold Rush",2024-02-03 15:00:00,"2024-02-09 09:09:47","Georgians","Cumans","Qualifier"
58,4,"Villese","Ganji","fKKWA","UUhIc","Byzantines","Malay","Ganji","Villese","Slopes",2024-02-03 15:00:00,"2024-02-09 09:09:47","Malay","Byzantines","Qualifier"
58,5,"Villese","Ganji","fKKWA","UUhIc","Persians","Japanese","Ganji","Villese","Mudflow",2024-02-03 15:00:00,"2024-02-09 09:09:47","Japanese","Persians","Qualifier"
59,1,"MbL","Capoch","oyJha","CgxAf","Dravidians","Vikings","Capoch","MbL","Islands",2024-02-04 17:00:00,"2024-02-09 09:09:47","Vikings","Dravidians","Qualifier"
59,2,"MbL","Capoch","oyJha","CgxAf","Spanish","Italians","MbL","Capoch","Gold Rush",2024-02-04 17:00:00,"2024-02-09 09:09:47","Spanish","Italians","Qualifier"
59,3,"MbL","Capoch","oyJha","CgxAf","Mayans","Magyars","MbL","Capoch","Mudflow",2024-02-04 17:00:00,"2024-02-09 09:09:47","Mayans","Magyars","Qualifier"
59,4,"MbL","Capoch","oyJha","CgxAf","Malay","Hindustanis","MbL","Capoch","Slopes",2024-02-04 17:00:00,"2024-02-09 09:09:47","Malay","Hindustanis","Qualifier"
60,NA,"Ganji","MbL",NA,NA,NA,NA,NA,NA,NA,2024-02-09 20:00:00,"2024-02-09 09:09:47",NA,NA,"Qualifier"
61,1,"Sitaux","Salted Pepper","fKSeS","AqYRC","Hindustanis","Vietnamese","Sitaux","Salted Pepper","Gold Rush",2024-01-23 10:00:00,"2024-02-09 09:09:47","Hindustanis","Vietnamese","Qualifier"
61,2,"Sitaux","Salted Pepper","fKSeS","AqYRC","Malians","Japanese","Salted Pepper","Sitaux","Cross",2024-01-23 10:00:00,"2024-02-09 09:09:47","Japanese","Malians","Qualifier"
61,3,"Sitaux","Salted Pepper","fKSeS","AqYRC","Chinese","Portuguese","Sitaux","Salted Pepper","Arabia",2024-01-23 10:00:00,"2024-02-09 09:09:47","Chinese","Portuguese","Qualifier"
62,1,"LobodeLaNieve","EMA_003","XLzKR","AeJVK","Malians","Mongols","EMA_003","LobodeLaNieve","Arabia",2024-01-26 18:00:00,"2024-02-09 09:09:47","Mongols","Malians","Qualifier"
62,2,"LobodeLaNieve","EMA_003","XLzKR","AeJVK","Britons","Cumans","EMA_003","LobodeLaNieve","Quarry",2024-01-26 18:00:00,"2024-02-09 09:09:47","Cumans","Britons","Qualifier"
63,1,"classicpro","Eli","fEUFb","FNYIW","Japanese","Mongols","classicpro","Eli","Cross",2024-01-25 22:00:00,"2024-02-09 09:09:47","Japanese","Mongols","Qualifier"
63,2,"classicpro","Eli","fEUFb","FNYIW","Poles","Hindustanis","classicpro","Eli","Gold Rush",2024-01-25 22:00:00,"2024-02-09 09:09:47","Poles","Hindustanis","Qualifier"
64,1,"Uzzi","Prisma09","iNuUQ","ZCmxw","Japanese","Mongols","Uzzi","Prisma09","Cross",2024-01-23 21:00:00,"2024-02-09 09:09:47","Japanese","Mongols","Qualifier"
64,2,"Uzzi","Prisma09","iNuUQ","ZCmxw","Saracens","Franks","Uzzi","Prisma09","Gold Rush",2024-01-23 21:00:00,"2024-02-09 09:09:47","Saracens","Franks","Qualifier"
65,1,"Valas","Dziamdziak","bHRpr","JWLdW","Incas","Franks","Valas","Dziamdziak","Slopes",2024-01-24 20:00:00,"2024-02-09 09:09:47","Incas","Franks","Qualifier"
65,2,"Valas","Dziamdziak","bHRpr","JWLdW","Portuguese","Japanese","Valas","Dziamdziak","Cross",2024-01-24 20:00:00,"2024-02-09 09:09:47","Portuguese","Japanese","Qualifier"
66,1,"Gabi","Twigg","ycTUL","zwcSA","Lithuanians","Malians","Twigg","Gabi","Arabia",2024-01-24 23:00:00,"2024-02-09 09:09:47","Malians","Lithuanians","Qualifier"
66,2,"Gabi","Twigg","ycTUL","zwcSA","Hindustanis","Magyars","Twigg","Gabi","Slopes",2024-01-24 23:00:00,"2024-02-09 09:09:47","Magyars","Hindustanis","Qualifier"
67,1,"miguel","Youpudding","SCYuE","swRgq","Mayans","Dravidians","Youpudding","miguel","Arabia",2024-01-23 13:00:30,"2024-02-09 09:09:47","Dravidians","Mayans","Qualifier"
67,2,"miguel","Youpudding","SCYuE","swRgq","Japanese","Malians","miguel","Youpudding","Cross",2024-01-23 13:00:30,"2024-02-09 09:09:47","Japanese","Malians","Qualifier"
67,3,"miguel","Youpudding","SCYuE","swRgq","Georgians","Romans","miguel","Youpudding","Mudflow",2024-01-23 13:00:30,"2024-02-09 09:09:47","Georgians","Romans","Qualifier"
68,NA,"Sobek","Macluffy",NA,NA,NA,NA,NA,NA,NA,NA,"2024-02-09 09:09:47",NA,NA,"Qualifier"
69,1,"Sitaux","EMA_003","emTUN","iNIjW","Mongols","Mayans","EMA_003","Sitaux","Arabia",2024-01-31 15:00:00,"2024-02-09 09:09:47","Mayans","Mongols","Qualifier"
69,2,"Sitaux","EMA_003","emTUN","iNIjW","Japanese","Persians","Sitaux","EMA_003","Cross",2024-01-31 15:00:00,"2024-02-09 09:09:47","Japanese","Persians","Qualifier"
69,3,"Sitaux","EMA_003","emTUN","iNIjW","Koreans","Italians","Sitaux","EMA_003","Islands",2024-01-31 15:00:00,"2024-02-09 09:09:47","Koreans","Italians","Qualifier"
69,4,"Sitaux","EMA_003","emTUN","iNIjW","Malians","Teutons","EMA_003","Sitaux","Quarry",2024-01-31 15:00:00,"2024-02-09 09:09:47","Teutons","Malians","Qualifier"
69,5,"Sitaux","EMA_003","emTUN","iNIjW","Chinese","Chinese","Sitaux","EMA_003","Mudflow",2024-01-31 15:00:00,"2024-02-09 09:09:47","Chinese","Chinese","Qualifier"
70,1,"classicpro","Uzzi","yolrb","YfvrF","Malians","Japanese","classicpro","Uzzi","Cross",2024-01-30 19:00:00,"2024-02-09 09:09:47","Malians","Japanese","Qualifier"
70,2,"classicpro","Uzzi","yolrb","YfvrF","Bengalis","Saracens","classicpro","Uzzi","Slopes",2024-01-30 19:00:00,"2024-02-09 09:09:47","Bengalis","Saracens","Qualifier"
70,3,"classicpro","Uzzi","yolrb","YfvrF","Incas","Lithuanians","classicpro","Uzzi","Arabia",2024-01-30 19:00:00,"2024-02-09 09:09:47","Incas","Lithuanians","Qualifier"
71,1,"Valas","Twigg","ZjaCv","nwRii","Burgundians","Georgians","Valas","Twigg","Gold Rush",2024-01-28 17:00:00,"2024-02-09 09:09:47","Burgundians","Georgians","Qualifier"
71,2,"Valas","Twigg","ZjaCv","nwRii","Franks","Magyars","Twigg","Valas","Mudflow",2024-01-28 17:00:00,"2024-02-09 09:09:47","Magyars","Franks","Qualifier"
71,3,"Valas","Twigg","ZjaCv","nwRii","Italians","Dravidians","Valas","Twigg","Islands",2024-01-28 17:00:00,"2024-02-09 09:09:47","Italians","Dravidians","Qualifier"
71,4,"Valas","Twigg","ZjaCv","nwRii","Malay","Hindustanis","Valas","Twigg","Arabia",2024-01-28 17:00:00,"2024-02-09 09:09:47","Malay","Hindustanis","Qualifier"
72,1,"miguel","Sobek","lSTtq","TEsCz","Malay","Burgundians","miguel","Sobek","Gold Rush",2024-01-29 19:00:00,"2024-02-09 09:09:47","Malay","Burgundians","Qualifier"
72,2,"miguel","Sobek","lSTtq","TEsCz","Japanese","Hindustanis","Sobek","miguel","Slopes",2024-01-29 19:00:00,"2024-02-09 09:09:47","Hindustanis","Japanese","Qualifier"
72,3,"miguel","Sobek","lSTtq","TEsCz","Mayans","Incas","Sobek","miguel","Arabia",2024-01-29 19:00:00,"2024-02-09 09:09:47","Incas","Mayans","Qualifier"
72,4,"miguel","Sobek","lSTtq","TEsCz","Franks","Magyars","miguel","Sobek","Mudflow",2024-01-29 19:00:00,"2024-02-09 09:09:47","Franks","Magyars","Qualifier"
72,5,"miguel","Sobek","lSTtq","TEsCz","Persians","Persians","Sobek","miguel","Cross",2024-01-29 19:00:00,"2024-02-09 09:09:47","Persians","Persians","Qualifier"
73,1,"Sitaux","classicpro","nNmVD","OmUTd","Khmer","Tatars","Sitaux","classicpro","Arabia",2024-02-05 18:00:00,"2024-02-09 09:09:47","Khmer","Tatars","Qualifier"
73,2,"Sitaux","classicpro","nNmVD","OmUTd","Malians","Persians","Sitaux","classicpro","Mudflow",2024-02-05 18:00:00,"2024-02-09 09:09:47","Malians","Persians","Qualifier"
73,3,"Sitaux","classicpro","nNmVD","OmUTd","Portuguese","Cumans","Sitaux","classicpro","Gold Rush",2024-02-05 18:00:00,"2024-02-09 09:09:47","Portuguese","Cumans","Qualifier"
74,1,"Valas","Sobek","SZdQZ","MrgAg","Hindustanis","Mayans","Valas","Sobek","Arabia",2024-02-04 18:00:00,"2024-02-09 09:09:47","Hindustanis","Mayans","Qualifier"
74,2,"Valas","Sobek","SZdQZ","MrgAg","Lithuanians","Franks","Sobek","Valas","Mudflow",2024-02-04 18:00:00,"2024-02-09 09:09:47","Franks","Lithuanians","Qualifier"
74,3,"Valas","Sobek","SZdQZ","MrgAg","Burgundians","Cumans","Valas","Sobek","Gold Rush",2024-02-04 18:00:00,"2024-02-09 09:09:47","Burgundians","Cumans","Qualifier"
74,4,"Valas","Sobek","SZdQZ","MrgAg","Japanese","Byzantines","Sobek","Valas","Cross",2024-02-04 18:00:00,"2024-02-09 09:09:47","Byzantines","Japanese","Qualifier"
74,5,"Valas","Sobek","SZdQZ","MrgAg","Armenians","Dravidians","Sobek","Valas","Islands",2024-02-04 18:00:00,"2024-02-09 09:09:47","Dravidians","Armenians","Qualifier"
75,NA,"Sitaux","Sobek",NA,NA,NA,NA,NA,NA,NA,2024-02-09 17:00:00,"2024-02-09 09:09:47",NA,NA,"Qualifier"
76,1,"FreakinAndy","Kamigawa","aNTKF","VwfHJ","Japanese","Persians","FreakinAndy","Kamigawa","Cross",2024-01-24 17:00:00,"2024-02-09 09:09:47","Japanese","Persians","Qualifier"
76,2,"FreakinAndy","Kamigawa","aNTKF","VwfHJ","Portuguese","Koreans","FreakinAndy","Kamigawa","Islands",2024-01-24 17:00:00,"2024-02-09 09:09:47","Portuguese","Koreans","Qualifier"
77,1,"Fedex","Bad Koala","hTjcP","brnti","Malay","Saracens","Bad Koala","Fedex","Gold Rush",2024-01-26 14:00:00,"2024-02-09 09:09:47","Saracens","Malay","Qualifier"
77,2,"Fedex","Bad Koala","hTjcP","brnti","Italians","Byzantines","Bad Koala","Fedex","Islands",2024-01-26 14:00:00,"2024-02-09 09:09:47","Byzantines","Italians","Qualifier"
78,1,"Sebastian2002","Good_luck","KAGJv","GgUcr","Mayans","Mongols","Sebastian2002","Good_luck","Arabia",2024-01-23 18:00:00,"2024-02-09 09:09:47","Mayans","Mongols","Qualifier"
78,2,"Sebastian2002","Good_luck","KAGJv","GgUcr","Malay","Spanish","Sebastian2002","Good_luck","Gold Rush",2024-01-23 18:00:00,"2024-02-09 09:09:47","Malay","Spanish","Qualifier"
79,1,"repard","IAnTaGoNiStI","durDo","MBJhh","Mayans","Incas","IAnTaGoNiStI","repard","Quarry",2024-01-25 15:00:00,"2024-02-09 09:09:47","Incas","Mayans","Qualifier"
79,2,"repard","IAnTaGoNiStI","durDo","MBJhh","Mongols","Magyars","repard","IAnTaGoNiStI","Slopes",2024-01-25 15:00:00,"2024-02-09 09:09:47","Mongols","Magyars","Qualifier"
79,3,"repard","IAnTaGoNiStI","durDo","MBJhh","Khmer","Chinese","IAnTaGoNiStI","repard","Mudflow",2024-01-25 15:00:00,"2024-02-09 09:09:47","Chinese","Khmer","Qualifier"
80,1,"Nicov","TheBloodless","NefdA","Ktywe","Malians","Persians","Nicov","TheBloodless","Cross",2024-01-26 16:00:00,"2024-02-09 09:09:47","Malians","Persians","Qualifier"
80,2,"Nicov","TheBloodless","NefdA","Ktywe","Bohemians","Lithuanians","Nicov","TheBloodless","Gold Rush",2024-01-26 16:00:00,"2024-02-09 09:09:47","Bohemians","Lithuanians","Qualifier"
81,1,"Babaorum","iBUYPOWER","LbbCs","RyHVy","Hindustanis","Saracens","Babaorum","iBUYPOWER","Gold Rush",2024-01-23 18:00:00,"2024-02-09 09:09:47","Hindustanis","Saracens","Qualifier"
81,2,"Babaorum","iBUYPOWER","LbbCs","RyHVy","Romans","Cumans","Babaorum","iBUYPOWER","Slopes",2024-01-23 18:00:00,"2024-02-09 09:09:47","Romans","Cumans","Qualifier"
82,1,"KingstoNe","m0re","PoRPT","QxCtY","Magyars","Aztecs","KingstoNe","m0re","Slopes",2024-01-26 21:00:00,"2024-02-09 09:09:47","Magyars","Aztecs","Qualifier"
82,2,"KingstoNe","m0re","PoRPT","QxCtY","Bengalis","Poles","KingstoNe","m0re","Quarry",2024-01-26 21:00:00,"2024-02-09 09:09:47","Bengalis","Poles","Qualifier"
83,1,"saymyname","Good_Game","dntXz","JPSzG","Hindustanis","Bohemians","saymyname","Good_Game","Gold Rush",2024-01-25 13:00:00,"2024-02-09 09:09:47","Hindustanis","Bohemians","Qualifier"
83,2,"saymyname","Good_Game","dntXz","JPSzG","Huns","Mongols","saymyname","Good_Game","Cross",2024-01-25 13:00:00,"2024-02-09 09:09:47","Huns","Mongols","Qualifier"
84,1,"FreakinAndy","Bad Koala","zHDQD","nxHpJ","Vikings","Portuguese","FreakinAndy","Bad Koala","Islands",2024-01-30 15:00:30,"2024-02-09 09:09:47","Vikings","Portuguese","Qualifier"
84,2,"FreakinAndy","Bad Koala","zHDQD","nxHpJ","Britons","Byzantines","FreakinAndy","Bad Koala","Quarry",2024-01-30 15:00:30,"2024-02-09 09:09:47","Britons","Byzantines","Qualifier"
84,3,"FreakinAndy","Bad Koala","zHDQD","nxHpJ","Slavs","Saracens","FreakinAndy","Bad Koala","Gold Rush",2024-01-30 15:00:30,"2024-02-09 09:09:47","Slavs","Saracens","Qualifier"
85,1,"Sebastian2002","IAnTaGoNiStI","PQXkB","dIddq","Italians","Dravidians","Sebastian2002","IAnTaGoNiStI","Islands",2024-01-30 17:00:00,"2024-02-09 09:09:47","Italians","Dravidians","Qualifier"
85,2,"Sebastian2002","IAnTaGoNiStI","PQXkB","dIddq","Georgians","Cumans","Sebastian2002","IAnTaGoNiStI","Gold Rush",2024-01-30 17:00:00,"2024-02-09 09:09:47","Georgians","Cumans","Qualifier"
85,3,"Sebastian2002","IAnTaGoNiStI","PQXkB","dIddq","Persians","Malians","Sebastian2002","IAnTaGoNiStI","Cross",2024-01-30 17:00:00,"2024-02-09 09:09:47","Persians","Malians","Qualifier"
86,1,"Nicov","Babaorum","vjHoI","wetVg","Chinese","Armenians","Nicov","Babaorum","Mudflow",2024-02-01 17:00:00,"2024-02-09 09:09:47","Chinese","Armenians","Qualifier"
86,2,"Nicov","Babaorum","vjHoI","wetVg","Burgundians","Hindustanis","Babaorum","Nicov","Gold Rush",2024-02-01 17:00:00,"2024-02-09 09:09:47","Hindustanis","Burgundians","Qualifier"
86,3,"Nicov","Babaorum","vjHoI","wetVg","Byzantines","Khmer","Nicov","Babaorum","Slopes",2024-02-01 17:00:00,"2024-02-09 09:09:47","Byzantines","Khmer","Qualifier"
86,4,"Nicov","Babaorum","vjHoI","wetVg","Portuguese","Chinese","Babaorum","Nicov","Arabia",2024-02-01 17:00:00,"2024-02-09 09:09:47","Chinese","Portuguese","Qualifier"
86,5,"Nicov","Babaorum","vjHoI","wetVg","Persians","Malians","Babaorum","Nicov","Cross",2024-02-01 17:00:00,"2024-02-09 09:09:47","Malians","Persians","Qualifier"
87,1,"KingstoNe","saymyname","dqwEI","goMbX","Japanese","Malians","KingstoNe","saymyname","Cross",2024-02-01 05:00:30,"2024-02-09 09:09:47","Japanese","Malians","Qualifier"
87,2,"KingstoNe","saymyname","dqwEI","goMbX","Chinese","Khmer","KingstoNe","saymyname","Mudflow",2024-02-01 05:00:30,"2024-02-09 09:09:47","Chinese","Khmer","Qualifier"
87,3,"KingstoNe","saymyname","dqwEI","goMbX","Dravidians","Armenians","KingstoNe","saymyname","Islands",2024-02-01 05:00:30,"2024-02-09 09:09:47","Dravidians","Armenians","Qualifier"
88,1,"FreakinAndy","Sebastian2002","QSjmI","PufZS","Koreans","Magyars","Sebastian2002","FreakinAndy","Mudflow",2024-02-03 16:00:00,"2024-02-09 09:09:47","Magyars","Koreans","Qualifier"
88,2,"FreakinAndy","Sebastian2002","QSjmI","PufZS","Persians","Japanese","Sebastian2002","FreakinAndy","Cross",2024-02-03 16:00:00,"2024-02-09 09:09:47","Japanese","Persians","Qualifier"
88,3,"FreakinAndy","Sebastian2002","QSjmI","PufZS","Georgians","Malay","Sebastian2002","FreakinAndy","Gold Rush",2024-02-03 16:00:00,"2024-02-09 09:09:47","Malay","Georgians","Qualifier"
89,1,"Babaorum","KingstoNe","xnAMr","XHYdL","Chinese","Chinese","KingstoNe","Babaorum","Mudflow",2024-02-03 19:00:00,"2024-02-09 09:09:47","Chinese","Chinese","Qualifier"
89,2,"Babaorum","KingstoNe","xnAMr","XHYdL","Khmer","Byzantines","Babaorum","KingstoNe","Slopes",2024-02-03 19:00:00,"2024-02-09 09:09:47","Khmer","Byzantines","Qualifier"
89,3,"Babaorum","KingstoNe","xnAMr","XHYdL","Burgundians","Cumans","Babaorum","KingstoNe","Gold Rush",2024-02-03 19:00:00,"2024-02-09 09:09:47","Burgundians","Cumans","Qualifier"
89,4,"Babaorum","KingstoNe","xnAMr","XHYdL","Aztecs","Malay","Babaorum","KingstoNe","Quarry",2024-02-03 19:00:00,"2024-02-09 09:09:47","Aztecs","Malay","Qualifier"
90,NA,"Sebastian2002","Babaorum",NA,NA,NA,NA,NA,NA,NA,2024-02-10 20:00:00,"2024-02-09 09:09:47",NA,NA,"Qualifier"
